이름,나이,메일,전화,성별
임윤후,22,lf9bfcck@taehwakim.co.kr,010-5822-6611,남성
강도준,20,k9hpk9z3@taehwakim.co.kr,010-8799-4189,남성
강민진,37,fxzdx2zd@taehwakim.co.kr,010-3418-1236,여성
윤지아,35,6jjjiy06@taehwakim.co.kr,010-5763-2471,여성
이윤준,31,oqqgigvr@taehwakim.co.kr,010-7634-9374,여성
이지진,20,2lmwkvqq@taehwakim.co.kr,010-3014-2272,여성
이하원,23,ranznogh@taehwakim.co.kr,010-4607-9893,남성
박서호,26,5pvopekw@taehwakim.co.kr,010-6554-5968,여성
장민진,26,l5hff6dq@taehwakim.co.kr,010-4878-4504,남성
박지아,22,jp0125mc@taehwakim.co.kr,010-2066-2059,여성
김주아,20,rlmnyxnk@taehwakim.co.kr,010-5296-2042,여성
임지호,38,ghw4xo2y@taehwakim.co.kr,010-2123-7285,남성
강현원,39,p4szgr8j@taehwakim.co.kr,010-7600-6595,여성
박현호,29,2cce15by@taehwakim.co.kr,010-9185-8892,여성
박도호,30,c5nwlqzs@taehwakim.co.kr,010-4449-4849,여성
정하후,21,hbidznr8@taehwakim.co.kr,010-6565-2660,여성
임민우,21,eui434tl@taehwakim.co.kr,010-4205-6016,여성
강민윤,34,78qbmbj3@taehwakim.co.kr,010-8828-1516,남성
이주연,24,9ov1v9yy@taehwakim.co.kr,010-2059-9796,남성
박주원,38,1vrfr4dt@taehwakim.co.kr,010-3084-1271,남성
정지은,32,t1kj7j0y@taehwakim.co.kr,010-9071-3619,여성
최지진,38,i92zp7kv@taehwakim.co.kr,010-6406-3291,남성
최지후,30,2n7lu43f@taehwakim.co.kr,010-8034-7480,남성
강현호,21,5484172o@taehwakim.co.kr,010-7125-5684,여성
임서후,20,wqangwgt@taehwakim.co.kr,010-4829-7779,남성
김하은,38,2xrfstw1@taehwakim.co.kr,010-1691-3178,여성
윤민준,33,3fwi1sbz@taehwakim.co.kr,010-9609-8294,여성
정현후,29,6t8d8a6e@taehwakim.co.kr,010-1241-2193,여성
이지준,22,ecyxidzo@taehwakim.co.kr,010-3464-9633,남성
이현윤,31,4n2nq0jg@taehwakim.co.kr,010-8950-3437,남성
최예우,31,umg9o2i1@taehwakim.co.kr,010-5384-8853,남성
정주호,31,1gd2gqzd@taehwakim.co.kr,010-3068-2944,남성
장민은,26,6xgza37f@taehwakim.co.kr,010-3254-5195,남성
이하후,32,pvs1zgit@taehwakim.co.kr,010-4889-9234,남성
김현준,34,gbpxjofp@taehwakim.co.kr,010-7079-5620,남성
장하우,20,pkns45s5@taehwakim.co.kr,010-2228-2252,남성
김예아,22,cenybq8w@taehwakim.co.kr,010-1034-1932,여성
임서서,37,ip6h7co8@taehwakim.co.kr,010-7557-5541,남성
조민연,23,xza84afb@taehwakim.co.kr,010-1878-7565,여성
정예후,22,t2dh9ctd@taehwakim.co.kr,010-4017-5906,남성
조서호,38,t8asbldk@taehwakim.co.kr,010-6536-1235,여성
장예원,25,6glly7id@taehwakim.co.kr,010-9883-4848,여성
최주호,21,oaqho3hr@taehwakim.co.kr,010-3600-9659,여성
강하서,25,knzfxfq6@taehwakim.co.kr,010-3350-7989,여성
강민우,36,143sywuh@taehwakim.co.kr,010-2990-6592,여성
박하호,20,7cmt3idj@taehwakim.co.kr,010-6047-8438,여성
장채호,34,b0ppbi08@taehwakim.co.kr,010-7777-8736,남성
강지후,35,sns07kar@taehwakim.co.kr,010-1851-4832,남성
장지연,26,1604xpsa@taehwakim.co.kr,010-9235-9051,여성
강하아,38,x1w07k7u@taehwakim.co.kr,010-6532-1150,여성
임하연,39,7z3x4kj3@taehwakim.co.kr,010-5813-4615,여성
김민아,39,z3wk0qey@taehwakim.co.kr,010-1417-2011,남성
정지연,37,8ms5jzil@taehwakim.co.kr,010-8525-8586,남성
임도후,21,hg73m0hg@taehwakim.co.kr,010-7286-5855,남성
정윤후,20,wzladp3m@taehwakim.co.kr,010-7758-6354,여성
김서윤,25,wqe5igks@taehwakim.co.kr,010-9550-1415,남성
이예원,34,48v5tua1@taehwakim.co.kr,010-1184-4435,남성
윤주서,28,2j9hwc9q@taehwakim.co.kr,010-7178-3609,남성
임현서,38,rrd3pgfg@taehwakim.co.kr,010-9729-1129,남성
박예준,29,kzeo1rbc@taehwakim.co.kr,010-3770-8623,여성
임서원,29,kxmwfjos@taehwakim.co.kr,010-2998-1284,남성
정지은,20,ch4emcja@taehwakim.co.kr,010-7787-5673,남성
임민은,27,zoore5ks@taehwakim.co.kr,010-1945-2895,여성
김민준,20,aeyu9v21@taehwakim.co.kr,010-6998-3857,여성
최도서,30,7rin58c6@taehwakim.co.kr,010-3974-2256,여성
최하준,28,6op2gzkb@taehwakim.co.kr,010-3666-1619,남성
최도서,23,mp4xsp3l@taehwakim.co.kr,010-3831-4540,여성
장윤후,37,6tvts1wo@taehwakim.co.kr,010-5941-2889,여성
정지우,34,el06g40r@taehwakim.co.kr,010-3397-6873,여성
임도연,33,0hyuwte1@taehwakim.co.kr,010-1575-5858,남성
윤도은,25,g9nyzh75@taehwakim.co.kr,010-9149-5323,남성
임지우,26,t37gjlcg@taehwakim.co.kr,010-7136-2413,여성
임채윤,28,tfvagfon@taehwakim.co.kr,010-3242-1030,남성
윤예연,23,r6o9q0sa@taehwakim.co.kr,010-6926-2496,남성
조하우,32,rj9vgj4o@taehwakim.co.kr,010-3507-1488,여성
이도서,22,rictqldd@taehwakim.co.kr,010-4276-6232,여성
김예우,22,cbyj05a1@taehwakim.co.kr,010-5848-2445,남성
조하은,29,dlot5hyw@taehwakim.co.kr,010-3927-4759,남성
조서준,27,5wczlhwk@taehwakim.co.kr,010-6660-3539,여성
조지후,20,00y2n064@taehwakim.co.kr,010-9936-3495,여성
최지서,32,bbucxsfd@taehwakim.co.kr,010-1081-3004,여성
임윤호,24,grwtzymu@taehwakim.co.kr,010-6772-3607,여성
최서준,36,hkanyd70@taehwakim.co.kr,010-5309-9231,여성
임지준,27,x75o2jeh@taehwakim.co.kr,010-1091-8442,여성
정지준,21,ehcnglsi@taehwakim.co.kr,010-7810-5324,남성
장민진,23,xlub88yx@taehwakim.co.kr,010-2758-3057,남성
이민우,28,rfml8ar0@taehwakim.co.kr,010-2156-1379,여성
박지후,20,7qsdb4wl@taehwakim.co.kr,010-9678-7834,여성
장서연,23,146wc9e3@taehwakim.co.kr,010-3766-9714,여성
조주은,20,ik9kqc1z@taehwakim.co.kr,010-6482-6590,남성
조주원,23,qqji4ouy@taehwakim.co.kr,010-8561-6275,남성
조현진,27,yry0c9ln@taehwakim.co.kr,010-8480-8682,여성
정서원,33,qit5k2co@taehwakim.co.kr,010-1950-9016,여성
최지원,36,5uvchhdb@taehwakim.co.kr,010-2607-4294,여성
강서연,36,1rvh230m@taehwakim.co.kr,010-5184-7378,여성
임서은,33,zelrduru@taehwakim.co.kr,010-6224-5480,여성
임하원,32,5t7awi6o@taehwakim.co.kr,010-9013-5116,여성
박민아,21,t282jyr3@taehwakim.co.kr,010-4129-8110,여성
임예서,31,kqlaab0s@taehwakim.co.kr,010-8549-6986,남성
윤지호,29,pn7p4otq@taehwakim.co.kr,010-1785-1702,여성
윤예연,33,i6pow67c@taehwakim.co.kr,010-4225-5070,여성
조채원,39,641b5dde@taehwakim.co.kr,010-1022-9275,여성
최민우,26,1o978apq@taehwakim.co.kr,010-4024-7084,여성
조지원,22,dqols87w@taehwakim.co.kr,010-6620-1435,남성
김채호,29,m2w0a3x1@taehwakim.co.kr,010-2558-9060,여성
강도원,26,bs0titbz@taehwakim.co.kr,010-8601-8394,남성
강윤아,33,iw30y57z@taehwakim.co.kr,010-1479-6244,남성
임채아,33,wzkuo6x5@taehwakim.co.kr,010-8354-4113,남성
장하연,24,cnf8cpk4@taehwakim.co.kr,010-6708-5123,여성
최하우,29,8bkhjt2w@taehwakim.co.kr,010-4286-2222,여성
장지호,20,q6i0q9b6@taehwakim.co.kr,010-9485-2812,남성
이주호,30,qndwy87a@taehwakim.co.kr,010-6036-6132,여성
장민원,30,lgiah56a@taehwakim.co.kr,010-5641-6514,남성
최도은,26,qjqx256p@taehwakim.co.kr,010-6606-3577,남성
장민후,28,bkljk8cd@taehwakim.co.kr,010-4393-1253,남성
이지아,38,446in35e@taehwakim.co.kr,010-6006-1512,남성
이하준,39,0e65ji5a@taehwakim.co.kr,010-6694-4146,여성
박예원,35,o1uzsrcn@taehwakim.co.kr,010-2283-9688,여성
박윤호,23,5ys0hl17@taehwakim.co.kr,010-1032-6513,남성
강서준,37,kk62l3x5@taehwakim.co.kr,010-9068-3406,여성
강지진,30,bqr7klx6@taehwakim.co.kr,010-2687-4443,여성
장민원,35,tras5axq@taehwakim.co.kr,010-4243-6614,남성
윤예준,25,bq7y80c9@taehwakim.co.kr,010-8121-4252,여성
김지후,20,bvgg8psy@taehwakim.co.kr,010-4988-2870,여성
정서준,27,utjr922c@taehwakim.co.kr,010-9379-2395,여성
김채진,30,nf0x8d9c@taehwakim.co.kr,010-6346-7260,여성
윤주준,25,5f0y1308@taehwakim.co.kr,010-2867-1471,여성
임도원,34,51pxnocn@taehwakim.co.kr,010-2813-7483,여성
정채우,35,c9d829s6@taehwakim.co.kr,010-1397-4528,남성
이지윤,35,bv53dt9l@taehwakim.co.kr,010-1589-4297,여성
조윤연,38,1xxq94yl@taehwakim.co.kr,010-8815-6896,여성
장주원,28,25r6qu38@taehwakim.co.kr,010-9198-2919,남성
박지연,23,oowph6tk@taehwakim.co.kr,010-9230-3892,여성
김지우,28,8btfrca5@taehwakim.co.kr,010-2678-1428,남성
최하아,32,1o9qbuyn@taehwakim.co.kr,010-5922-8695,남성
이지아,30,bof4y3el@taehwakim.co.kr,010-3559-7527,남성
임예연,29,dp3gvvkd@taehwakim.co.kr,010-5583-1546,여성
윤지준,39,f6kal7n8@taehwakim.co.kr,010-4784-4223,여성
정지연,27,eymyheb8@taehwakim.co.kr,010-9775-4128,여성
김도준,26,lsyj5mut@taehwakim.co.kr,010-4922-8828,남성
윤윤준,38,ld6xv0dc@taehwakim.co.kr,010-8911-5815,남성
김지호,26,dwtcmj9n@taehwakim.co.kr,010-2691-6216,남성
장현아,34,sb5vi5sq@taehwakim.co.kr,010-7024-4589,남성
장하서,33,a8r79jwp@taehwakim.co.kr,010-4160-1055,여성
임서우,20,p7t0mvzx@taehwakim.co.kr,010-1055-9789,여성
조채후,26,mzc0js5g@taehwakim.co.kr,010-9000-1058,여성
김예서,28,tt1dguuw@taehwakim.co.kr,010-4448-3970,여성
강하우,20,pzs7cmtq@taehwakim.co.kr,010-3800-1714,여성
장지진,21,8we6lu44@taehwakim.co.kr,010-9423-8189,남성
이주아,29,iaramny5@taehwakim.co.kr,010-3531-7475,남성
정서호,26,m4tco0n0@taehwakim.co.kr,010-9060-2679,여성
강예은,38,d2ls15py@taehwakim.co.kr,010-3785-7060,여성
이민은,39,84ecwqvw@taehwakim.co.kr,010-1798-6337,남성
최도진,39,xtmeen7k@taehwakim.co.kr,010-7713-2304,남성
박민우,36,qosec31i@taehwakim.co.kr,010-4585-1303,남성
조지호,22,vbopow7w@taehwakim.co.kr,010-3904-9593,남성
강채원,31,lh3arevu@taehwakim.co.kr,010-5475-7419,여성
박민아,26,riumcm38@taehwakim.co.kr,010-9880-3144,남성
정윤준,30,ty84objn@taehwakim.co.kr,010-7456-5693,남성
이서우,34,rziz33ux@taehwakim.co.kr,010-1543-8007,여성
조하윤,28,89rvoqeh@taehwakim.co.kr,010-7506-7202,여성
최서은,36,xy57f0sn@taehwakim.co.kr,010-9883-7360,남성
윤하연,33,ey4ne0fg@taehwakim.co.kr,010-8160-2950,남성
최예후,29,jihc87j0@taehwakim.co.kr,010-3789-9081,여성
최현윤,36,rg3y0lxc@taehwakim.co.kr,010-6566-6611,남성
윤채진,22,sfwhbyua@taehwakim.co.kr,010-5977-1307,남성
정하호,35,8765m2w5@taehwakim.co.kr,010-3217-4015,남성
장채서,37,cxz3npj3@taehwakim.co.kr,010-7033-4059,여성
임도우,21,iwejli1q@taehwakim.co.kr,010-1694-9264,남성
박지호,32,lhi3xulm@taehwakim.co.kr,010-5947-6538,여성
윤도준,32,g6mtd8rc@taehwakim.co.kr,010-2717-7644,여성
정주원,21,qph1swff@taehwakim.co.kr,010-2734-8634,남성
조하호,22,p57zvh4k@taehwakim.co.kr,010-2388-3753,여성
최민윤,24,qudszkwy@taehwakim.co.kr,010-2415-1516,남성
정예윤,38,axuv0a46@taehwakim.co.kr,010-4059-3914,여성
이하준,37,eok0m81z@taehwakim.co.kr,010-6700-4036,남성
임예진,22,kp6363y8@taehwakim.co.kr,010-4472-9743,남성
박하우,28,ii4fyoaz@taehwakim.co.kr,010-4257-4602,남성
최윤후,21,zh5t6sm1@taehwakim.co.kr,010-4622-6357,남성
정주후,23,fd347kf4@taehwakim.co.kr,010-6721-3312,여성
윤하호,23,v6iljh1m@taehwakim.co.kr,010-5922-6244,남성
정민후,23,m50xxa1y@taehwakim.co.kr,010-6598-9825,남성
김지은,35,s3r089i1@taehwakim.co.kr,010-7613-5305,남성
최현원,22,3uew5qkz@taehwakim.co.kr,010-1367-2010,여성
강도후,22,v4lbco7o@taehwakim.co.kr,010-8296-3931,남성
김주호,27,3u1ha3z3@taehwakim.co.kr,010-1174-7339,여성
윤지은,39,wmi5qz56@taehwakim.co.kr,010-7805-2535,여성
장지후,28,2mtbwbir@taehwakim.co.kr,010-8368-8110,남성
최지호,35,e3wmyixo@taehwakim.co.kr,010-3380-8945,여성
이주윤,29,ahctnqr8@taehwakim.co.kr,010-6245-5718,여성
정지원,27,jm7rzqsb@taehwakim.co.kr,010-3542-6808,여성
조지연,31,ltzwj7dy@taehwakim.co.kr,010-2689-9027,여성
강현연,35,rfgzl4sb@taehwakim.co.kr,010-5198-4550,여성
이윤후,39,e05lxc1r@taehwakim.co.kr,010-6248-8598,남성
최지우,30,7g4qa14i@taehwakim.co.kr,010-5607-8694,남성
정하윤,20,wbpnj5rj@taehwakim.co.kr,010-2075-4433,남성
정지원,25,666xy7wa@taehwakim.co.kr,010-5497-9264,남성
박채호,27,el63ezfa@taehwakim.co.kr,010-1369-7178,여성
윤채우,24,rpgdo6c6@taehwakim.co.kr,010-9172-5199,여성
강도진,39,sdaieq3l@taehwakim.co.kr,010-3487-8702,여성
윤서윤,32,fmqq42s5@taehwakim.co.kr,010-7170-2522,남성
정서은,36,lp0szx88@taehwakim.co.kr,010-7644-4077,여성
강도호,32,7icmxgf9@taehwakim.co.kr,010-8458-9339,여성
윤지후,31,gyy24r59@taehwakim.co.kr,010-4706-7020,여성
최민원,29,ephe4aue@taehwakim.co.kr,010-8278-7888,여성
장현아,25,f5ju3rsa@taehwakim.co.kr,010-5450-4199,여성
박현진,28,5zavjzk6@taehwakim.co.kr,010-5174-6514,남성
정지아,30,byqxigd4@taehwakim.co.kr,010-3681-9672,남성
김서은,30,b935a9f2@taehwakim.co.kr,010-5390-8995,남성
윤하호,21,16hlxbfc@taehwakim.co.kr,010-2194-6630,남성
조도은,38,t7vckfui@taehwakim.co.kr,010-2756-2521,남성
최민우,27,jwl9wszd@taehwakim.co.kr,010-2587-9620,남성
윤지호,35,y43ixz0e@taehwakim.co.kr,010-5669-6304,남성
임지진,23,c1t5p6hh@taehwakim.co.kr,010-2755-6993,남성
임지후,29,yt50adri@taehwakim.co.kr,010-6038-8298,여성
임지진,28,2y2ip3y6@taehwakim.co.kr,010-4697-7474,여성
최채원,21,x1jam49j@taehwakim.co.kr,010-8125-9181,여성
강예우,20,b3m49bm1@taehwakim.co.kr,010-2463-6887,남성
김하원,32,qx1jyvyg@taehwakim.co.kr,010-2071-7300,여성
조현아,26,l8bml1hz@taehwakim.co.kr,010-1576-5179,남성
윤민원,33,kq7lenfb@taehwakim.co.kr,010-3606-3427,남성
정서아,25,ny68tikm@taehwakim.co.kr,010-3920-9910,남성
김도준,35,j092969q@taehwakim.co.kr,010-5971-7936,여성
장예연,38,h9zhc4oh@taehwakim.co.kr,010-1638-6635,여성
최서우,28,c4w6qb0n@taehwakim.co.kr,010-3482-3687,남성
윤현준,31,4qnxoo7p@taehwakim.co.kr,010-8047-2505,여성
조지아,36,we8d8b3t@taehwakim.co.kr,010-8407-2878,남성
조도원,22,h182f6xs@taehwakim.co.kr,010-8470-2046,여성
김민아,22,dkkp3mdx@taehwakim.co.kr,010-9072-9379,여성
박주윤,23,prcvkp0r@taehwakim.co.kr,010-8702-8555,여성
임민윤,33,3ywvd3xt@taehwakim.co.kr,010-7160-4652,남성
윤윤연,20,258r30o7@taehwakim.co.kr,010-8475-1279,여성
박도후,28,e5fku6bc@taehwakim.co.kr,010-2244-6065,남성
박민진,34,fu8jhfxr@taehwakim.co.kr,010-7261-3086,여성
정지은,30,06s559f1@taehwakim.co.kr,010-6279-3216,남성
최지윤,27,6j5gmnr1@taehwakim.co.kr,010-2765-3920,남성
박지진,35,pjxwl7gv@taehwakim.co.kr,010-5859-9072,남성
장지은,32,fbyvtyc2@taehwakim.co.kr,010-2776-9044,남성
김서윤,32,6zutaig3@taehwakim.co.kr,010-6500-8556,남성
박하아,26,807zg0r2@taehwakim.co.kr,010-4751-8137,남성
정채은,34,7v1wcrru@taehwakim.co.kr,010-2471-6771,남성
조민연,27,zs6uqwgl@taehwakim.co.kr,010-3097-3511,남성
장지아,26,hqsr70uv@taehwakim.co.kr,010-7233-5595,남성
임민아,34,rcb98m63@taehwakim.co.kr,010-5682-4371,남성
장지준,26,qunbnjku@taehwakim.co.kr,010-5351-6055,여성
김채아,36,e1mbo4fv@taehwakim.co.kr,010-1138-4042,여성
조예아,39,miwpx60r@taehwakim.co.kr,010-4558-5791,여성
조지준,31,lu8h8dvt@taehwakim.co.kr,010-2563-1100,여성
박하아,24,oh04eeyr@taehwakim.co.kr,010-3563-9341,여성
윤지아,27,4zg5jabt@taehwakim.co.kr,010-3138-1034,남성
강도호,34,rcf3b0gj@taehwakim.co.kr,010-4624-9820,남성
정채진,39,qnbofq0m@taehwakim.co.kr,010-9773-5047,여성
최민아,26,wteu6lvr@taehwakim.co.kr,010-6035-2787,여성
윤주진,26,rrn0qnx6@taehwakim.co.kr,010-3167-7354,남성
김주원,35,8fiv445l@taehwakim.co.kr,010-1548-8445,여성
임예윤,39,1exxx7ba@taehwakim.co.kr,010-1987-1269,여성
임윤후,25,pb0emxvw@taehwakim.co.kr,010-7486-1619,남성
임주후,34,flu646xv@taehwakim.co.kr,010-4454-5969,여성
임윤진,25,pl6njecu@taehwakim.co.kr,010-1886-6710,남성
조도후,37,irqxqx2t@taehwakim.co.kr,010-3923-2565,남성
장민연,31,npy9w5wm@taehwakim.co.kr,010-5247-2864,남성
장예서,38,kyrzajg3@taehwakim.co.kr,010-7354-4207,여성
장현연,20,al5yys2m@taehwakim.co.kr,010-8117-9622,남성
김서은,22,s9h16ddw@taehwakim.co.kr,010-1825-7123,여성
윤하후,39,jfpm3b0k@taehwakim.co.kr,010-6405-2275,남성
정주연,23,8wlz2chk@taehwakim.co.kr,010-4529-7163,남성
강서연,35,ns5vd3wh@taehwakim.co.kr,010-7113-8125,남성
강주은,31,64xqirf8@taehwakim.co.kr,010-4277-5680,남성
조현진,32,evov0687@taehwakim.co.kr,010-5837-1374,여성
임예진,29,g5srcfh2@taehwakim.co.kr,010-6006-1058,남성
김서아,32,14lkfimb@taehwakim.co.kr,010-6864-8280,여성
임하은,32,5b2pfx6s@taehwakim.co.kr,010-8893-8827,여성
윤예서,21,gq3d2s6q@taehwakim.co.kr,010-5160-7498,남성
김주연,34,mgl7n0me@taehwakim.co.kr,010-2119-8161,여성
정채후,37,e35gho0o@taehwakim.co.kr,010-9686-8673,여성
윤채후,23,kc46gtxw@taehwakim.co.kr,010-7983-7298,여성
이지준,32,knxbmsdk@taehwakim.co.kr,010-1794-5345,여성
윤주진,22,exc7xmwi@taehwakim.co.kr,010-2776-3576,여성
최윤아,29,n7nbbd4r@taehwakim.co.kr,010-4102-4496,여성
박민원,27,e4g94o7i@taehwakim.co.kr,010-7178-6457,남성
이하아,21,xzv2iijl@taehwakim.co.kr,010-7795-7411,여성
임서호,20,luvf5ra0@taehwakim.co.kr,010-5506-2780,남성
윤민원,20,mhicwuzv@taehwakim.co.kr,010-2355-4736,여성
최민서,36,kj881zjb@taehwakim.co.kr,010-9742-2760,여성
박도진,24,fwvmiyd7@taehwakim.co.kr,010-9369-3860,여성
김민연,25,yg4ce8ei@taehwakim.co.kr,010-6569-8729,남성
조지진,27,2rx5pcsx@taehwakim.co.kr,010-9604-9860,남성
장예연,22,axd9zjdy@taehwakim.co.kr,010-4917-5117,남성
장주윤,30,nc5kkpzr@taehwakim.co.kr,010-5513-9130,남성
박지은,38,29l3cx5f@taehwakim.co.kr,010-3875-3668,남성
이서은,35,u8wje2wl@taehwakim.co.kr,010-6877-2074,남성
정예우,37,nh4ifiz1@taehwakim.co.kr,010-9928-1676,남성
강서은,39,iz939qjw@taehwakim.co.kr,010-7131-2577,여성
박윤은,26,nbsr3jx7@taehwakim.co.kr,010-1493-7354,여성
장지아,24,twsu4mbj@taehwakim.co.kr,010-1429-5233,여성
이주후,36,o13qivcj@taehwakim.co.kr,010-9180-3295,여성
정예서,25,7nbr1u97@taehwakim.co.kr,010-5333-1701,여성
강하우,35,6vanca9p@taehwakim.co.kr,010-8099-4565,여성
장채후,21,lnwb5h1m@taehwakim.co.kr,010-4675-4295,남성
임현후,36,1t5f514r@taehwakim.co.kr,010-8778-1779,남성
강지진,31,zrtj0x7t@taehwakim.co.kr,010-1708-6267,남성
조민후,21,u3k9jkyo@taehwakim.co.kr,010-7309-4719,여성
김현서,31,d4que15j@taehwakim.co.kr,010-2640-8379,여성
김도준,35,mfxaeddg@taehwakim.co.kr,010-9637-6042,여성
정민진,22,n8zn69cj@taehwakim.co.kr,010-9988-8537,남성
김서진,22,34ak1xlw@taehwakim.co.kr,010-8667-1558,남성
정민윤,34,dpdsiook@taehwakim.co.kr,010-8049-2984,남성
이채호,30,c76117no@taehwakim.co.kr,010-9971-9462,남성
조현서,26,wrlvuij0@taehwakim.co.kr,010-1374-2808,여성
김하호,24,g2xvlcng@taehwakim.co.kr,010-8123-8484,여성
윤서원,28,nr775lme@taehwakim.co.kr,010-2160-9138,여성
최도우,25,yedghfwf@taehwakim.co.kr,010-4008-2981,여성
강주은,28,dycjac79@taehwakim.co.kr,010-6412-9982,남성
장지우,35,x44ga0m4@taehwakim.co.kr,010-5242-4578,여성
임윤은,23,nnbksz42@taehwakim.co.kr,010-3513-1608,여성
조예연,29,r2fz472s@taehwakim.co.kr,010-7515-5137,남성
조현윤,24,xfw88b8m@taehwakim.co.kr,010-1067-6329,남성
임현은,20,bsyxaycb@taehwakim.co.kr,010-4761-2221,남성
이지호,27,kr4uswdu@taehwakim.co.kr,010-1447-5710,남성
강서은,28,t3k0umxo@taehwakim.co.kr,010-7434-8973,남성
김도원,24,j4x8xbl4@taehwakim.co.kr,010-4031-6731,남성
임채우,29,2oi97fnp@taehwakim.co.kr,010-9431-8164,남성
정민호,27,bozaymp6@taehwakim.co.kr,010-5412-8970,여성
김예준,22,43uuf63j@taehwakim.co.kr,010-9161-1916,남성
정민원,32,vwtflhco@taehwakim.co.kr,010-8964-3795,여성
김지윤,39,6ksh1j3i@taehwakim.co.kr,010-8150-9043,남성
정서연,36,0gfe4fzg@taehwakim.co.kr,010-8457-8576,남성
정지은,31,3n8dtng7@taehwakim.co.kr,010-5510-5025,여성
이지호,21,fsda89li@taehwakim.co.kr,010-8829-3035,남성
윤서윤,30,fqmjwdum@taehwakim.co.kr,010-9098-7254,남성
정도연,34,s3rc9evr@taehwakim.co.kr,010-2771-9701,여성
김지은,26,x799xo9j@taehwakim.co.kr,010-2284-2876,남성
김지아,29,ys0hkfj6@taehwakim.co.kr,010-4791-4808,여성
강채아,29,b3susygp@taehwakim.co.kr,010-4078-9320,여성
이예아,30,su0sab8g@taehwakim.co.kr,010-8032-7994,남성
강하후,29,bqhcwz85@taehwakim.co.kr,010-5595-1001,남성
이예준,37,ckds7vyd@taehwakim.co.kr,010-6430-9870,여성
임채윤,32,19fg5gmw@taehwakim.co.kr,010-7274-1465,남성
장윤윤,23,i1yqzf03@taehwakim.co.kr,010-5058-2540,여성
박하서,32,xozeds5b@taehwakim.co.kr,010-8795-1826,남성
조주진,38,lq5fgzfx@taehwakim.co.kr,010-3400-4276,여성
정서준,32,6o1w0tne@taehwakim.co.kr,010-5905-9091,여성
강주호,37,cnatq94u@taehwakim.co.kr,010-5450-6323,여성
최민준,38,6o07ixbl@taehwakim.co.kr,010-2193-4913,남성
김민우,22,8e1vno8o@taehwakim.co.kr,010-1200-8634,남성
윤예우,20,k012g3pa@taehwakim.co.kr,010-9679-5940,여성
이도원,24,31bsxy34@taehwakim.co.kr,010-7534-4187,여성
김채호,36,9myvrcx9@taehwakim.co.kr,010-8012-9380,여성
정주진,35,gc2gbfs8@taehwakim.co.kr,010-7852-4832,여성
최주윤,29,5enbw7s4@taehwakim.co.kr,010-2898-4373,남성
임하윤,31,n2oia4ix@taehwakim.co.kr,010-2992-8648,남성
임하준,24,jvg0mbbn@taehwakim.co.kr,010-5498-2225,남성
김하진,30,tyhqm28p@taehwakim.co.kr,010-4708-5017,여성
조채아,35,434h1euq@taehwakim.co.kr,010-4163-8752,여성
김현연,38,a7jfhas5@taehwakim.co.kr,010-7756-8460,여성
정윤우,36,xts4vl9p@taehwakim.co.kr,010-2865-8846,남성
윤현아,25,asg96rwp@taehwakim.co.kr,010-3692-9068,남성
정주후,23,erjkiop2@taehwakim.co.kr,010-4178-5292,여성
조예은,23,w7xodu0p@taehwakim.co.kr,010-5689-6774,여성
윤하호,28,pj7ld3yf@taehwakim.co.kr,010-5815-2458,남성
박채진,36,5p4fox7g@taehwakim.co.kr,010-6042-7076,여성
정도준,25,nxa2r9jj@taehwakim.co.kr,010-9534-1380,여성
박윤후,36,g7mrh772@taehwakim.co.kr,010-1952-6389,여성
장주준,26,ee3epil2@taehwakim.co.kr,010-5350-4893,여성
윤지준,28,j4dsmgst@taehwakim.co.kr,010-5558-9619,남성
정하연,32,swzsgzwo@taehwakim.co.kr,010-7060-8850,여성
박지후,21,td7r3tey@taehwakim.co.kr,010-4628-7021,남성
정현연,38,fxietigz@taehwakim.co.kr,010-9090-5884,남성
최주원,39,fnsjz6yb@taehwakim.co.kr,010-6808-8208,여성
장도후,28,igsohc9w@taehwakim.co.kr,010-8544-8570,여성
최지원,32,95qiuqcl@taehwakim.co.kr,010-9969-6574,여성
강채서,38,9s4mkn3a@taehwakim.co.kr,010-6938-6169,남성
박윤준,25,36y2dnz3@taehwakim.co.kr,010-1948-2116,여성
강주서,32,a2ccgtlo@taehwakim.co.kr,010-5946-1500,여성
이민우,28,hfovwdcy@taehwakim.co.kr,010-3737-9944,여성
윤도후,28,dpzrpgti@taehwakim.co.kr,010-8994-6529,남성
장도원,27,vn9ee8e1@taehwakim.co.kr,010-1728-9238,남성
장채호,24,zh1svvxf@taehwakim.co.kr,010-3509-5356,남성
강예윤,31,m9fuo8ep@taehwakim.co.kr,010-2383-3667,여성
박서서,32,9sjciigh@taehwakim.co.kr,010-4544-9719,여성
박서윤,35,j2oajxys@taehwakim.co.kr,010-4200-8972,여성
이주서,23,8jdzu2ud@taehwakim.co.kr,010-7746-1395,남성
정주은,21,5pdpuukm@taehwakim.co.kr,010-7019-9556,남성
박윤진,23,gwm8h0za@taehwakim.co.kr,010-6425-2668,여성
조도아,28,evwrdxhj@taehwakim.co.kr,010-9592-8166,남성
정지호,27,as64sfrt@taehwakim.co.kr,010-6787-8807,남성
임서윤,33,zioxjtlc@taehwakim.co.kr,010-2962-2725,남성
임서윤,31,l90m63yc@taehwakim.co.kr,010-6671-7565,남성
윤지서,33,l8k5kxf9@taehwakim.co.kr,010-1911-8353,남성
이현은,30,gx2w032w@taehwakim.co.kr,010-5906-2701,남성
정지진,26,th0eph76@taehwakim.co.kr,010-7669-7447,여성
박민우,28,8ekbm7in@taehwakim.co.kr,010-1975-5658,남성
윤예연,24,l769dcnl@taehwakim.co.kr,010-9023-9783,남성
임하호,35,wy5bsgvz@taehwakim.co.kr,010-1242-6164,남성
최서서,26,cg26woxn@taehwakim.co.kr,010-7752-6128,여성
조채후,26,akf0rlk7@taehwakim.co.kr,010-7030-5507,남성
최예원,28,m2n2t27k@taehwakim.co.kr,010-6365-3680,남성
박채진,25,2oosg24x@taehwakim.co.kr,010-3645-9777,여성
윤윤준,20,kev5gp64@taehwakim.co.kr,010-1050-3399,남성
최예호,36,zczviu1s@taehwakim.co.kr,010-2311-3138,여성
이서진,22,oo8t1gxf@taehwakim.co.kr,010-6663-6347,여성
박채윤,29,4qw0tjxf@taehwakim.co.kr,010-3821-2743,여성
최채윤,36,we8xpbg0@taehwakim.co.kr,010-4882-1717,여성
정윤호,22,en66ar3t@taehwakim.co.kr,010-1318-8505,남성
박지진,29,xrkxo3gj@taehwakim.co.kr,010-2690-5966,남성
정지서,24,tqp48g0d@taehwakim.co.kr,010-5136-2341,남성
이민진,29,d5cb4j51@taehwakim.co.kr,010-9735-9721,남성
임현아,37,awb3t6r3@taehwakim.co.kr,010-8571-7768,남성
최하은,20,n3nufrj5@taehwakim.co.kr,010-5855-9713,남성
최현진,29,m1d09rfv@taehwakim.co.kr,010-1210-4749,남성
정예서,33,crio5z3l@taehwakim.co.kr,010-4559-3911,남성
장주서,25,71wasnmh@taehwakim.co.kr,010-4350-3619,여성
정서아,39,40s4j052@taehwakim.co.kr,010-3214-2712,여성
이지윤,37,d7h6difm@taehwakim.co.kr,010-7282-4952,여성
조현연,25,fhevz77u@taehwakim.co.kr,010-9031-8697,남성
장지아,23,t8d1us3i@taehwakim.co.kr,010-6810-8322,남성
최예원,33,y943rqzi@taehwakim.co.kr,010-6847-6274,남성
윤민진,27,vdmmmr62@taehwakim.co.kr,010-8286-7021,남성
이현후,25,xegkcsfs@taehwakim.co.kr,010-3491-9737,남성
장채호,33,0ofpm1ma@taehwakim.co.kr,010-3389-7663,여성
강주원,34,7cb38a3d@taehwakim.co.kr,010-6464-6930,남성
이도준,31,c9ozg3mk@taehwakim.co.kr,010-8496-2418,남성
박지진,22,dsncl1zv@taehwakim.co.kr,010-1119-2920,남성
박예서,38,7y5n0wol@taehwakim.co.kr,010-5823-8866,여성
박도우,25,8cztz9cu@taehwakim.co.kr,010-3891-3049,남성
이현호,29,cno4m3hd@taehwakim.co.kr,010-3477-5393,남성
임민서,32,t3h72icf@taehwakim.co.kr,010-9452-1911,여성
정지은,38,f6vud43b@taehwakim.co.kr,010-8986-3394,남성
조민후,28,xw6xzv8s@taehwakim.co.kr,010-2635-8980,남성
박도후,38,p94j7ypv@taehwakim.co.kr,010-8137-7948,여성
조민준,22,u6n402e4@taehwakim.co.kr,010-7855-8430,남성
이채진,21,8xtl31lz@taehwakim.co.kr,010-5801-1005,남성
정현호,23,igbyheom@taehwakim.co.kr,010-4546-6518,여성
임지후,31,bqjrz475@taehwakim.co.kr,010-7269-2022,여성
장지후,22,dhx243lq@taehwakim.co.kr,010-8725-9566,남성
박지호,23,dbclyjco@taehwakim.co.kr,010-5671-7125,남성
윤지아,27,o1oefnzw@taehwakim.co.kr,010-3261-6906,여성
윤주후,35,iizo46kk@taehwakim.co.kr,010-6388-2028,여성
강도준,39,kit8i2od@taehwakim.co.kr,010-6830-7075,여성
정민아,32,prq0wi5v@taehwakim.co.kr,010-2132-7585,여성
박주연,24,qa76nzij@taehwakim.co.kr,010-1726-5443,여성
정하원,24,k0paub97@taehwakim.co.kr,010-1401-5024,여성
장민준,38,3llu29u5@taehwakim.co.kr,010-4780-3242,남성
최주은,26,bcmr8h8u@taehwakim.co.kr,010-5340-2214,여성
윤주연,22,cvhcud5f@taehwakim.co.kr,010-5358-8552,여성
강현아,35,6q64757l@taehwakim.co.kr,010-7241-3564,여성
정서은,36,av96mo1s@taehwakim.co.kr,010-5595-1153,여성
윤채은,21,76lhqj9g@taehwakim.co.kr,010-3142-5194,남성
김예서,39,tbwm0ox1@taehwakim.co.kr,010-1233-2724,여성
김주우,22,pd6vron5@taehwakim.co.kr,010-3471-6792,남성
임현원,29,hqk4glil@taehwakim.co.kr,010-8923-3617,남성
윤예원,31,1xgs0rbc@taehwakim.co.kr,010-7669-3762,여성
윤지은,20,sr77b5ys@taehwakim.co.kr,010-2130-7624,남성
강지후,26,trfy1v7n@taehwakim.co.kr,010-9806-9426,남성
윤지연,20,ydhiyp0n@taehwakim.co.kr,010-4446-8915,남성
김하원,25,p7mz2gp1@taehwakim.co.kr,010-7957-9701,남성
이민원,36,zsa85joo@taehwakim.co.kr,010-9890-8593,남성
이지연,29,3sr4ymwf@taehwakim.co.kr,010-7539-7254,남성
윤채진,34,fp2kl87h@taehwakim.co.kr,010-2499-9345,여성
박지연,21,a08e0qbm@taehwakim.co.kr,010-6985-7600,여성
정민원,21,mhg1m25n@taehwakim.co.kr,010-7772-2461,여성
강현은,38,24y2msfh@taehwakim.co.kr,010-9326-7813,남성
조서준,22,tzminsa8@taehwakim.co.kr,010-7003-5843,남성
정민연,26,sr0xfxjv@taehwakim.co.kr,010-7276-5032,여성
박채연,36,bsrsfeq5@taehwakim.co.kr,010-4658-3453,남성
조윤윤,23,px7qovbe@taehwakim.co.kr,010-4014-2826,남성
조하호,20,rkioq4gv@taehwakim.co.kr,010-4813-4292,여성
정주준,26,e6mvkkgg@taehwakim.co.kr,010-6416-1381,남성
장주후,28,oc4pxx54@taehwakim.co.kr,010-1486-5341,여성
강예준,29,d4gtnp1c@taehwakim.co.kr,010-5740-6505,여성
박윤서,20,1cyb63z7@taehwakim.co.kr,010-2398-2459,여성
박도원,28,f2dq6rl9@taehwakim.co.kr,010-3794-2149,남성
정도원,30,3ttpxmws@taehwakim.co.kr,010-8703-2536,여성
조서윤,34,987ew8hz@taehwakim.co.kr,010-3945-1783,여성
임지준,22,taf70y10@taehwakim.co.kr,010-7656-1331,남성
장하윤,29,oy0pj6ew@taehwakim.co.kr,010-3053-8830,남성
이채아,30,rcjwpah5@taehwakim.co.kr,010-2305-5600,여성
정하은,23,zp8tft6l@taehwakim.co.kr,010-9008-7842,남성
조현후,35,bhv3y12n@taehwakim.co.kr,010-4672-7297,남성
강지호,31,iud4tbm0@taehwakim.co.kr,010-3174-8173,여성
강채후,30,e2j1wxyr@taehwakim.co.kr,010-7355-7499,남성
김주후,34,0tgokz9v@taehwakim.co.kr,010-1371-7771,남성
정지아,32,bqsokunx@taehwakim.co.kr,010-1421-8549,남성
강예우,39,of61j1ue@taehwakim.co.kr,010-2880-2731,남성
박지아,35,zyiprc26@taehwakim.co.kr,010-3768-1029,여성
이민아,31,d27dsqcj@taehwakim.co.kr,010-5748-7944,여성
김지아,20,mqdr0ofa@taehwakim.co.kr,010-7485-7403,여성
김민후,36,mdf5ww0t@taehwakim.co.kr,010-2546-9997,남성
이하호,25,swzyn0s7@taehwakim.co.kr,010-6064-7204,여성
장지우,30,lwk281bs@taehwakim.co.kr,010-4066-1942,남성
강주연,32,incm1x6n@taehwakim.co.kr,010-1775-1800,남성
임현호,29,3sun5cyh@taehwakim.co.kr,010-4263-6934,남성
박하준,21,mqo2nkm7@taehwakim.co.kr,010-5087-9243,여성
임하원,27,l4pf246u@taehwakim.co.kr,010-2691-7397,남성
이현아,36,l05dydqk@taehwakim.co.kr,010-4186-4553,남성
윤지후,26,9o85rjw1@taehwakim.co.kr,010-6835-3504,여성
강하연,38,fazoxipl@taehwakim.co.kr,010-9979-2529,여성
장주서,35,r7ueq79z@taehwakim.co.kr,010-5967-2146,남성
장주원,39,duw3ix83@taehwakim.co.kr,010-4045-3273,남성
장서은,38,0nmg5ezy@taehwakim.co.kr,010-8437-8668,남성
김민진,24,jv69nf81@taehwakim.co.kr,010-8413-2798,여성
박지진,31,uac9syrt@taehwakim.co.kr,010-9402-8429,남성
정윤서,22,f89n0890@taehwakim.co.kr,010-7133-4280,여성
조현아,31,y2rm6294@taehwakim.co.kr,010-2572-8490,여성
강주서,25,inme9jnq@taehwakim.co.kr,010-4164-3766,여성
김지은,38,o34i51ib@taehwakim.co.kr,010-9081-1297,여성
조민후,21,of9noctx@taehwakim.co.kr,010-8627-2882,여성
강지후,20,0pj7d6p5@taehwakim.co.kr,010-8091-5653,남성
조주윤,26,pxw7mo00@taehwakim.co.kr,010-1871-8789,여성
정지은,33,r5ustepp@taehwakim.co.kr,010-5242-1533,남성
최민원,36,fmxaexrf@taehwakim.co.kr,010-3488-8199,여성
장하준,39,llsibzsu@taehwakim.co.kr,010-9046-2554,남성
임서준,39,pot2o9ju@taehwakim.co.kr,010-4087-9505,여성
조예우,29,ksvqocra@taehwakim.co.kr,010-7192-8198,여성
최민후,32,wa2qpq2v@taehwakim.co.kr,010-3835-1608,여성
최하아,36,m43yi6tn@taehwakim.co.kr,010-5613-4451,남성
박주원,36,5ygkrvdd@taehwakim.co.kr,010-5073-9594,여성
김주호,36,ykn8zyl6@taehwakim.co.kr,010-3902-9066,여성
김주준,39,rsa4p68w@taehwakim.co.kr,010-5561-5436,남성
조채서,24,elyt69e1@taehwakim.co.kr,010-6611-1229,여성
강현원,22,zc01115m@taehwakim.co.kr,010-6288-9199,여성
조지우,24,xp3t2quv@taehwakim.co.kr,010-8224-4492,남성
정지원,23,h6aafn5v@taehwakim.co.kr,010-2026-9784,남성
최민우,21,ixypgbvs@taehwakim.co.kr,010-7699-6870,여성
최예은,29,03rex67s@taehwakim.co.kr,010-1331-2910,여성
박민원,37,akvfd6cs@taehwakim.co.kr,010-2579-9603,남성
강지은,25,vygj5ifn@taehwakim.co.kr,010-7754-8194,남성
정민우,25,bwlbqyw3@taehwakim.co.kr,010-5348-6287,여성
임예준,25,74dl63bi@taehwakim.co.kr,010-2704-4907,여성
강예후,20,t9ayqy5t@taehwakim.co.kr,010-3135-2285,남성
최하연,32,z0lsiaua@taehwakim.co.kr,010-8453-9273,여성
임지은,23,x1e3gj56@taehwakim.co.kr,010-2696-4702,여성
박예준,23,kf88i15s@taehwakim.co.kr,010-2194-6481,여성
윤윤준,21,kv8pvgkd@taehwakim.co.kr,010-9980-3652,여성
장하후,21,zenv0wal@taehwakim.co.kr,010-5206-4745,남성
김채후,39,gde9ivf6@taehwakim.co.kr,010-1895-6543,남성
조예준,26,47339sza@taehwakim.co.kr,010-2070-8863,남성
김채호,39,x2hisys5@taehwakim.co.kr,010-3972-8614,여성
정지연,21,bdqx121a@taehwakim.co.kr,010-3546-4533,여성
조하윤,20,psvjg4tc@taehwakim.co.kr,010-6082-6711,여성
윤주윤,38,648ggq6p@taehwakim.co.kr,010-1946-8054,여성
정채호,36,lv1m0dea@taehwakim.co.kr,010-5002-9357,남성
윤지원,39,yhenexqm@taehwakim.co.kr,010-3968-2762,여성
박현윤,35,0fh66shq@taehwakim.co.kr,010-5469-9511,여성
윤서준,31,90o4bc85@taehwakim.co.kr,010-1563-7464,여성
정주진,36,wffi2y2m@taehwakim.co.kr,010-7406-9895,여성
강주서,39,7mghdnek@taehwakim.co.kr,010-4523-1028,남성
임도우,31,nd631qe7@taehwakim.co.kr,010-3309-5133,여성
윤예우,38,vb5vo8us@taehwakim.co.kr,010-4878-2470,여성
이서원,31,inx3optv@taehwakim.co.kr,010-3152-5290,남성
조도진,21,x63hwiwl@taehwakim.co.kr,010-6598-4916,남성
정민진,30,mcuhgz1a@taehwakim.co.kr,010-4978-8296,남성
장지아,23,oesrtujl@taehwakim.co.kr,010-2692-9047,남성
윤민아,24,9vyf0usn@taehwakim.co.kr,010-6956-6688,여성
박윤서,31,ecmacqh4@taehwakim.co.kr,010-1484-9311,여성
장채서,35,sjl29s2r@taehwakim.co.kr,010-4166-2720,여성
박채원,31,2sb568g5@taehwakim.co.kr,010-3572-2369,여성
강서서,32,p6izcnui@taehwakim.co.kr,010-8157-2616,남성
임민진,28,ihi7zyui@taehwakim.co.kr,010-1491-2830,남성
정예서,39,59m3zci2@taehwakim.co.kr,010-7892-9924,여성
장윤서,25,p0y0ruf0@taehwakim.co.kr,010-7282-5788,여성
임주서,30,90df38yk@taehwakim.co.kr,010-7455-1383,여성
최하서,39,ymvplf3u@taehwakim.co.kr,010-1634-4722,여성
최하준,28,lciw9rje@taehwakim.co.kr,010-3912-6048,여성
이서윤,29,latj3a8b@taehwakim.co.kr,010-6680-4813,여성
최도은,27,qjpexm66@taehwakim.co.kr,010-4488-9231,여성
조현윤,20,6s6e05yw@taehwakim.co.kr,010-4580-4667,남성
김지준,34,vg52mdii@taehwakim.co.kr,010-3247-1222,남성
윤지호,35,42pogejr@taehwakim.co.kr,010-5475-5958,여성
장서우,36,fhhc265l@taehwakim.co.kr,010-5177-4898,남성
최현윤,31,wpmand35@taehwakim.co.kr,010-2904-4487,여성
박도연,27,tb8hz86d@taehwakim.co.kr,010-2105-9070,남성
김민은,32,w4tl9mei@taehwakim.co.kr,010-3925-5528,남성
박채준,28,781z7avc@taehwakim.co.kr,010-2112-7964,여성
이민호,21,gz9fwznv@taehwakim.co.kr,010-6280-3427,여성
김윤후,20,flj7mu7t@taehwakim.co.kr,010-2239-7205,여성
장지은,38,10t6mzvs@taehwakim.co.kr,010-1977-2610,여성
김민윤,33,8khiph8x@taehwakim.co.kr,010-8784-2034,여성
박채호,35,yxid8qyo@taehwakim.co.kr,010-1213-9806,여성
임지은,28,ozn6n84z@taehwakim.co.kr,010-8048-3754,여성
최서은,29,e0hzfi3r@taehwakim.co.kr,010-9348-7945,여성
김예은,31,bguus43p@taehwakim.co.kr,010-4166-2000,남성
김지원,30,qezwadmg@taehwakim.co.kr,010-4852-2796,여성
최지아,24,zicz73tt@taehwakim.co.kr,010-1526-2279,여성
장주은,20,su04uf8m@taehwakim.co.kr,010-2449-1199,여성
장하서,30,nlssxzyk@taehwakim.co.kr,010-9866-5790,여성
장지원,26,7otumtu3@taehwakim.co.kr,010-4982-3989,남성
임지준,25,4o6q1jn9@taehwakim.co.kr,010-9304-4970,여성
조주우,21,a4p5wvmt@taehwakim.co.kr,010-8819-2774,여성
최윤우,38,mj5ffoz5@taehwakim.co.kr,010-8164-2146,여성
강하아,35,w1sim3kx@taehwakim.co.kr,010-8542-6954,여성
윤예후,23,r98aq1bf@taehwakim.co.kr,010-4339-8666,남성
윤도우,26,hukbtrnr@taehwakim.co.kr,010-6479-9198,여성
이서연,28,lvuo75b3@taehwakim.co.kr,010-9671-2820,남성
김윤윤,37,0xheq13v@taehwakim.co.kr,010-7447-7503,남성
강하진,30,ly49ru34@taehwakim.co.kr,010-4624-3368,남성
정윤서,23,rhjcljc0@taehwakim.co.kr,010-9083-8528,남성
정현진,38,4kknc7hx@taehwakim.co.kr,010-9478-9197,여성
김윤윤,35,i6lnjnw5@taehwakim.co.kr,010-4034-6571,여성
김채은,33,u3igqsfp@taehwakim.co.kr,010-3890-8324,여성
이서호,20,3os97q3w@taehwakim.co.kr,010-6123-1012,남성
임지은,36,oxbj12ce@taehwakim.co.kr,010-1020-4440,남성
임현후,32,j2je99fx@taehwakim.co.kr,010-8124-6892,여성
임현은,31,uuu9b070@taehwakim.co.kr,010-2793-6722,여성
김현원,22,8tkf667a@taehwakim.co.kr,010-4986-7539,여성
김채은,29,btc605kf@taehwakim.co.kr,010-5925-7326,여성
윤서후,31,ri9tmaux@taehwakim.co.kr,010-1353-2073,남성
박예우,30,wr5uekui@taehwakim.co.kr,010-8475-6746,남성
임서윤,25,2qb7fbbq@taehwakim.co.kr,010-8341-5509,여성
임윤우,29,oc2rk1is@taehwakim.co.kr,010-6822-3266,남성
최예서,25,cqyax82y@taehwakim.co.kr,010-5606-6738,남성
박서아,38,yz643wj7@taehwakim.co.kr,010-2849-4454,여성
강윤은,36,8w9813wt@taehwakim.co.kr,010-8109-8807,남성
장예진,21,ohs4ibtj@taehwakim.co.kr,010-1267-9032,여성
강지호,36,pmsq3zj4@taehwakim.co.kr,010-4450-5107,여성
윤도원,27,iiwvan7z@taehwakim.co.kr,010-3074-2513,여성
윤현진,31,e1ai7alx@taehwakim.co.kr,010-3074-5258,남성
정현준,24,xqj9aowk@taehwakim.co.kr,010-7367-4555,여성
강서원,29,c2fd4hm6@taehwakim.co.kr,010-4246-4650,여성
장도아,28,ictret2v@taehwakim.co.kr,010-6201-3870,여성
최지은,36,dx9fzatx@taehwakim.co.kr,010-1931-8732,여성
정윤진,25,vmdzpwbj@taehwakim.co.kr,010-3432-3220,여성
윤민원,31,qiocqu1f@taehwakim.co.kr,010-6804-4282,남성
김지연,37,2mr9mbyp@taehwakim.co.kr,010-1761-9483,여성
정현윤,36,6ys0o7g7@taehwakim.co.kr,010-2229-8166,남성
이채은,35,139pzllo@taehwakim.co.kr,010-7800-6797,여성
김지원,37,9u6exx80@taehwakim.co.kr,010-1661-5617,남성
박채서,21,35uzvjc9@taehwakim.co.kr,010-2558-3479,여성
윤예윤,21,9otz12g4@taehwakim.co.kr,010-7830-7753,남성
윤예윤,28,097lal4b@taehwakim.co.kr,010-3232-9035,남성
정하준,33,gyxvgqxv@taehwakim.co.kr,010-2032-2671,여성
정지윤,33,lkm9a7oe@taehwakim.co.kr,010-9636-5731,여성
윤도호,35,12x6pbic@taehwakim.co.kr,010-6619-3488,남성
장현준,24,kf95vyl8@taehwakim.co.kr,010-9518-3211,여성
윤도서,36,tf5uhw9b@taehwakim.co.kr,010-7225-7572,여성
임서연,32,p6ux9pqq@taehwakim.co.kr,010-4513-1372,남성
임지우,32,5bm7jf2f@taehwakim.co.kr,010-5366-4073,여성
장지아,34,jhtmy5sq@taehwakim.co.kr,010-1565-9866,여성
윤하호,32,jozkdfwo@taehwakim.co.kr,010-6133-5197,남성
조민연,32,e40e5ycd@taehwakim.co.kr,010-6990-6260,남성
강서우,32,2ndin6kw@taehwakim.co.kr,010-4542-6324,여성
임서윤,30,vsumuig5@taehwakim.co.kr,010-6957-5729,여성
강지진,20,d7jtsqj1@taehwakim.co.kr,010-9415-8096,여성
임채은,21,imzow8w7@taehwakim.co.kr,010-8179-7500,남성
정윤은,37,pmcchu6c@taehwakim.co.kr,010-6397-8461,여성
정지윤,31,czcwyqcg@taehwakim.co.kr,010-5505-3878,여성
최지서,20,vlj6gr9i@taehwakim.co.kr,010-2030-1817,남성
김주아,21,ckhmouhi@taehwakim.co.kr,010-1492-5134,여성
박지준,35,ffe60f99@taehwakim.co.kr,010-7793-4836,남성
강현우,21,jm1jf9z9@taehwakim.co.kr,010-4645-5681,여성
임예원,31,a0j4rwum@taehwakim.co.kr,010-9503-8323,남성
강서은,24,vbqyiq34@taehwakim.co.kr,010-5119-1718,여성
조민준,36,6p8qsfqi@taehwakim.co.kr,010-2678-9900,여성
김윤연,22,i4a0v7ze@taehwakim.co.kr,010-7629-7957,여성
윤서원,28,tdcu8lug@taehwakim.co.kr,010-8264-7947,남성
이주호,37,fifazc4w@taehwakim.co.kr,010-2531-2715,여성
정예진,30,rgep5gkr@taehwakim.co.kr,010-8633-2697,여성
정민원,23,751wd68h@taehwakim.co.kr,010-8652-2651,여성
정민후,27,kflf4jcp@taehwakim.co.kr,010-9476-3729,남성
최도우,35,gut3xfxm@taehwakim.co.kr,010-6851-2091,여성
조지우,20,uyy4d81l@taehwakim.co.kr,010-6722-7772,남성
김민은,21,96tknkon@taehwakim.co.kr,010-6791-1992,남성
최지연,26,2q6n7kch@taehwakim.co.kr,010-5778-9026,남성
박하준,22,zvj02n9a@taehwakim.co.kr,010-7414-7730,남성
박윤준,37,m9rlo05o@taehwakim.co.kr,010-9866-3983,남성
박예원,38,mbaq2wo2@taehwakim.co.kr,010-3943-1854,여성
박민호,32,05zolcpy@taehwakim.co.kr,010-8310-8175,여성
김주연,23,auywuxuf@taehwakim.co.kr,010-9349-8688,남성
임지아,31,tbmyzzg8@taehwakim.co.kr,010-8530-4464,여성
정서연,31,w9c6mu9n@taehwakim.co.kr,010-9606-5417,남성
최현준,36,byc7h07u@taehwakim.co.kr,010-7819-6834,남성
장윤아,31,b2egjxwh@taehwakim.co.kr,010-6749-2480,남성
임지연,23,xgxpq4ob@taehwakim.co.kr,010-3592-3117,남성
최지호,27,2zzujohh@taehwakim.co.kr,010-7728-4019,여성
윤지진,34,xgchkze5@taehwakim.co.kr,010-8462-6261,여성
김도우,20,x4rs3qvv@taehwakim.co.kr,010-2332-8546,남성
조채후,28,h4mv9s90@taehwakim.co.kr,010-2399-4318,여성
조서은,32,09lo1nx5@taehwakim.co.kr,010-6418-3296,남성
윤채호,20,hg5sn304@taehwakim.co.kr,010-5953-5445,여성
강윤진,25,rrp4pjkm@taehwakim.co.kr,010-7659-9777,남성
정하아,22,0b710d2i@taehwakim.co.kr,010-1987-1722,남성
윤서후,36,9kmc5olp@taehwakim.co.kr,010-9585-9948,여성
윤지윤,22,w3wj1e9x@taehwakim.co.kr,010-7552-5578,여성
윤지진,23,4lzooqjr@taehwakim.co.kr,010-2962-7132,남성
김채윤,27,55b7512f@taehwakim.co.kr,010-3312-3875,여성
조주우,22,59ysnwyp@taehwakim.co.kr,010-7178-4648,여성
윤예아,27,kartsv5q@taehwakim.co.kr,010-1695-6442,여성
박도후,27,f98nlbvn@taehwakim.co.kr,010-9963-2442,남성
윤도준,20,lmtnbvpj@taehwakim.co.kr,010-3598-1940,여성
조지호,27,nf4tgorb@taehwakim.co.kr,010-2937-5853,여성
강채윤,25,06nqriac@taehwakim.co.kr,010-6272-4892,여성
이윤연,39,eawx5mkm@taehwakim.co.kr,010-8391-4459,남성
정서아,37,qk5kw5vi@taehwakim.co.kr,010-6770-8496,남성
조하아,29,sqyer3z8@taehwakim.co.kr,010-4015-5689,남성
정윤원,38,sky6itxb@taehwakim.co.kr,010-2072-2739,여성
장지호,34,39zlnyuv@taehwakim.co.kr,010-2970-1782,남성
조예우,22,m9ofalqc@taehwakim.co.kr,010-7651-3554,남성
최하우,28,e23xb6kn@taehwakim.co.kr,010-6454-5388,여성
박주윤,26,mc5ubaj5@taehwakim.co.kr,010-7503-2855,여성
정예윤,32,d89m8sx1@taehwakim.co.kr,010-1757-1257,여성
조하우,37,mrtwydmt@taehwakim.co.kr,010-3284-8905,여성
정지준,35,m2r8oxh3@taehwakim.co.kr,010-1892-4821,여성
임주호,35,1cu8rx5u@taehwakim.co.kr,010-7662-9805,여성
장채서,20,urstrkgf@taehwakim.co.kr,010-7292-2622,남성
정예우,29,1iijutk2@taehwakim.co.kr,010-8118-9257,여성
정예윤,34,g7nv2gk5@taehwakim.co.kr,010-4946-2608,여성
윤윤진,32,vy7gak5c@taehwakim.co.kr,010-3120-3234,남성
박하서,27,0bjrs08e@taehwakim.co.kr,010-4481-1772,여성
강채은,27,x75tnmhh@taehwakim.co.kr,010-1512-6915,남성
강민후,24,f23eqxbr@taehwakim.co.kr,010-6836-1325,남성
강도아,24,64bmva9j@taehwakim.co.kr,010-2381-1225,남성
장윤윤,31,6ruio32f@taehwakim.co.kr,010-9102-5878,남성
정도원,38,qzl8q9nl@taehwakim.co.kr,010-2536-3857,여성
조민서,21,d0negpac@taehwakim.co.kr,010-9742-6943,여성
임서후,29,yv2d6r1p@taehwakim.co.kr,010-9741-5435,남성
이지서,39,ddrv1qur@taehwakim.co.kr,010-9119-7325,여성
정윤우,32,r5ndalws@taehwakim.co.kr,010-9043-8620,여성
박하연,31,8v9eay6g@taehwakim.co.kr,010-7259-5934,남성
김민후,33,oipm1uqe@taehwakim.co.kr,010-7533-6642,여성
조지연,24,is9uczks@taehwakim.co.kr,010-4233-1654,여성
최민원,25,j9peiz88@taehwakim.co.kr,010-1625-9532,남성
장주은,38,26lhs1ju@taehwakim.co.kr,010-3290-3229,남성
강지우,32,6p3kd6fn@taehwakim.co.kr,010-5952-8289,여성
박예원,30,bmwlquik@taehwakim.co.kr,010-2592-5650,남성
임채진,35,h1a67n0c@taehwakim.co.kr,010-9514-2467,남성
임지우,22,2epzs3he@taehwakim.co.kr,010-8357-2336,여성
최민준,35,13pqh85m@taehwakim.co.kr,010-6362-6849,여성
장예진,27,tkt57p6x@taehwakim.co.kr,010-1083-1871,남성
조주윤,33,cpr9xsz1@taehwakim.co.kr,010-7459-3879,남성
정예호,34,lg9xcztc@taehwakim.co.kr,010-5651-9056,남성
강예준,23,92gscjst@taehwakim.co.kr,010-3530-9931,남성
최지윤,35,9f0x91rl@taehwakim.co.kr,010-7106-1081,여성
윤예연,37,sm7mjx3w@taehwakim.co.kr,010-7153-5933,남성
윤하아,25,f2ayhbyn@taehwakim.co.kr,010-6984-5202,여성
김도연,28,s71rwz7l@taehwakim.co.kr,010-8429-4532,여성
김지원,36,kav2b05k@taehwakim.co.kr,010-1538-4394,남성
박지연,27,k2d1y3wy@taehwakim.co.kr,010-4270-3353,남성
이현준,21,rgkz1k1l@taehwakim.co.kr,010-6455-3656,남성
강현윤,31,w0rf9f3z@taehwakim.co.kr,010-7702-8388,남성
윤지준,26,aj47pnx8@taehwakim.co.kr,010-3365-1871,남성
조윤윤,36,8v6zf05h@taehwakim.co.kr,010-3325-7173,여성
박하아,29,00jkyli2@taehwakim.co.kr,010-6484-3755,남성
조지서,20,c29e63k0@taehwakim.co.kr,010-6387-6930,여성
이서우,31,zh298uk9@taehwakim.co.kr,010-2957-5727,남성
장민윤,24,41wam62o@taehwakim.co.kr,010-5654-4333,남성
이하우,31,gx0cgp0a@taehwakim.co.kr,010-7829-6686,남성
조예원,24,89bexhpz@taehwakim.co.kr,010-6286-5892,여성
조윤아,36,spj9qwgl@taehwakim.co.kr,010-2938-3389,여성
임지후,37,8ahkzuh7@taehwakim.co.kr,010-8530-4976,남성
김하서,21,2szveza8@taehwakim.co.kr,010-5660-8344,남성
김예호,28,i5de1pfn@taehwakim.co.kr,010-5771-4586,여성
박하연,39,v41wu8qp@taehwakim.co.kr,010-5146-1031,남성
최예후,36,uc6ptcs8@taehwakim.co.kr,010-4496-9100,남성
강지연,30,i768gh5w@taehwakim.co.kr,010-3030-9558,남성
이민준,30,5f5zltvj@taehwakim.co.kr,010-2277-5917,여성
강지윤,33,28ha8zv6@taehwakim.co.kr,010-8729-8291,여성
정윤윤,33,pts2n2ud@taehwakim.co.kr,010-9097-1977,여성
최주서,29,9holfdks@taehwakim.co.kr,010-5060-9945,여성
최주서,38,g3mboc5t@taehwakim.co.kr,010-1428-4828,남성
임하연,36,v0q6capw@taehwakim.co.kr,010-8104-9827,남성
조예아,22,ap4qjsvf@taehwakim.co.kr,010-3567-7247,여성
임지연,29,nog1sz04@taehwakim.co.kr,010-2007-3490,남성
이민후,20,l5c9maz8@taehwakim.co.kr,010-6426-9048,남성
박도후,33,jgqwtrgu@taehwakim.co.kr,010-3907-3088,남성
박지후,37,1rgnx81y@taehwakim.co.kr,010-4571-4893,남성
정하우,26,dziwm6qq@taehwakim.co.kr,010-9197-5665,남성
조주은,28,vmltyk8u@taehwakim.co.kr,010-6898-2063,여성
최윤호,25,bzr3x8qm@taehwakim.co.kr,010-1439-8985,남성
장지우,37,mj6kut5o@taehwakim.co.kr,010-7574-9446,남성
정지준,32,puyth8la@taehwakim.co.kr,010-4201-7453,남성
최예준,20,pd20u6a4@taehwakim.co.kr,010-2783-1277,여성
이지준,33,wgx10ua3@taehwakim.co.kr,010-8241-3460,남성
정민진,34,luhzu4jj@taehwakim.co.kr,010-9180-8924,여성
최주호,39,hoy0a1xg@taehwakim.co.kr,010-7542-3712,남성
이윤후,31,muicwrmb@taehwakim.co.kr,010-5128-7278,남성
김민아,38,qgjc82k7@taehwakim.co.kr,010-6554-5213,남성
윤예연,30,fb92sbsf@taehwakim.co.kr,010-9537-6199,남성
이도진,32,yamdnf15@taehwakim.co.kr,010-9203-3386,여성
박채은,35,3c27nt0t@taehwakim.co.kr,010-9718-1747,남성
강서윤,22,kk8ok7dn@taehwakim.co.kr,010-2384-2610,남성
이현원,26,indffobe@taehwakim.co.kr,010-4704-7898,남성
임하원,24,ords2li1@taehwakim.co.kr,010-5027-9595,남성
윤지서,30,nom2yafg@taehwakim.co.kr,010-4283-2280,여성
박민후,24,fdq3btz4@taehwakim.co.kr,010-1486-9877,여성
최채서,34,zbo7xtpp@taehwakim.co.kr,010-5515-4122,남성
김현은,31,aovtyoia@taehwakim.co.kr,010-2487-9634,여성
최도윤,35,2voggfbe@taehwakim.co.kr,010-6379-7302,여성
강예원,31,s09i9xl6@taehwakim.co.kr,010-4056-8782,여성
김민원,27,hl1s3sr3@taehwakim.co.kr,010-5691-3776,여성
윤서윤,30,y51mqt03@taehwakim.co.kr,010-5412-5235,남성
장도호,33,vpscmgi2@taehwakim.co.kr,010-5349-4950,여성
조지윤,27,ecirnlr6@taehwakim.co.kr,010-2352-1338,남성
윤지후,32,ydqpde86@taehwakim.co.kr,010-4281-1736,여성
임지윤,34,zgl9585i@taehwakim.co.kr,010-6464-3037,여성
조서우,20,t9x8es6e@taehwakim.co.kr,010-2554-1474,여성
윤하연,28,11qvkf4s@taehwakim.co.kr,010-7497-6342,남성
윤도진,26,0ss277rs@taehwakim.co.kr,010-4398-1428,남성
정하우,22,q256fa8j@taehwakim.co.kr,010-7110-6567,여성
윤주준,33,3ktt1nbl@taehwakim.co.kr,010-3693-6903,여성
조도연,38,v3bmsnfv@taehwakim.co.kr,010-3730-5807,남성
김도준,31,ul8vfkle@taehwakim.co.kr,010-6239-8124,남성
김지원,36,ecjujvwz@taehwakim.co.kr,010-7349-3270,여성
임주아,35,gikz01ha@taehwakim.co.kr,010-4518-4822,여성
임지원,27,3u0c1n29@taehwakim.co.kr,010-3332-6813,남성
임주윤,32,j8cqultw@taehwakim.co.kr,010-6656-4727,남성
장민준,20,vqlk559x@taehwakim.co.kr,010-9664-3153,남성
이서윤,39,yzfaflgn@taehwakim.co.kr,010-1994-7941,남성
조하원,22,0u6qoglb@taehwakim.co.kr,010-9733-5861,남성
최채우,31,guu0sqln@taehwakim.co.kr,010-6401-7016,여성
조도은,38,q2pjkavc@taehwakim.co.kr,010-7942-1431,남성
최하호,39,lobr7a42@taehwakim.co.kr,010-3136-2128,여성
윤채후,24,coom7xtg@taehwakim.co.kr,010-5991-6090,여성
이채아,29,fdpmmyr6@taehwakim.co.kr,010-6506-6980,여성
임도윤,34,3t87wi0q@taehwakim.co.kr,010-9147-7496,남성
조민서,24,iu7hgp02@taehwakim.co.kr,010-7944-3982,남성
강민연,34,n5twii53@taehwakim.co.kr,010-2370-9486,남성
이민은,36,002jkdy2@taehwakim.co.kr,010-2829-3970,남성
장예은,21,f308dx0q@taehwakim.co.kr,010-6872-8470,남성
박하호,30,f28nlmrr@taehwakim.co.kr,010-1118-2537,여성
정지호,25,f59ly064@taehwakim.co.kr,010-2861-4228,남성
강윤아,35,ha6hpucr@taehwakim.co.kr,010-3918-6943,여성
강민진,22,1yy744rr@taehwakim.co.kr,010-1005-9160,남성
정하아,38,cppkbx8i@taehwakim.co.kr,010-7304-6520,남성
윤예아,26,pyu5dxqf@taehwakim.co.kr,010-2268-8355,남성
강현윤,24,urz40tpi@taehwakim.co.kr,010-3621-6298,여성
최주아,33,6dis3fai@taehwakim.co.kr,010-2359-6750,여성
강도연,23,93my6tbi@taehwakim.co.kr,010-5574-3249,여성
김하아,26,sf5oe4ch@taehwakim.co.kr,010-3860-6760,여성
이서연,29,jbk4im04@taehwakim.co.kr,010-5303-6586,여성
최도호,35,fzjaw8pa@taehwakim.co.kr,010-9396-6984,여성
윤채연,20,v9atcfgl@taehwakim.co.kr,010-1693-6599,여성
김하호,33,4ydfe3xf@taehwakim.co.kr,010-2956-9936,남성
김하윤,36,6uc15m52@taehwakim.co.kr,010-7100-8854,여성
윤민준,34,2b6qgd0d@taehwakim.co.kr,010-9246-3851,남성
장현연,29,kuhoubdk@taehwakim.co.kr,010-7335-4459,여성
조채호,37,rsdi7lfm@taehwakim.co.kr,010-3777-4654,여성
박민진,31,bvkywm2a@taehwakim.co.kr,010-7061-3996,남성
이민호,32,q69mf2s9@taehwakim.co.kr,010-4452-1455,여성
최윤윤,34,gqy7oni9@taehwakim.co.kr,010-3831-5958,여성
박채준,33,8jrtmhgc@taehwakim.co.kr,010-9855-8308,여성
최윤윤,34,hyn3cx6s@taehwakim.co.kr,010-4178-2797,남성
임주준,29,yozjiar6@taehwakim.co.kr,010-9666-6062,남성
박민우,24,fe7m2y77@taehwakim.co.kr,010-5262-4640,남성
정하진,28,nk2zaz9b@taehwakim.co.kr,010-5947-2076,여성
박서은,21,l6fltcwf@taehwakim.co.kr,010-8049-5037,여성
조하우,29,ig4mf7c4@taehwakim.co.kr,010-5751-4474,여성
조하원,35,eb60or2u@taehwakim.co.kr,010-3287-6513,남성
임주윤,35,x76glwqa@taehwakim.co.kr,010-6730-4635,남성
정윤윤,25,mwa7fp87@taehwakim.co.kr,010-4992-2020,여성
이지은,30,4tz5gydv@taehwakim.co.kr,010-3876-6306,여성
김주윤,36,5ut4jtsi@taehwakim.co.kr,010-6887-4118,남성
이지우,28,dhaakudc@taehwakim.co.kr,010-1541-1663,여성
장도우,33,8dsu1jcf@taehwakim.co.kr,010-7915-5566,여성
김하호,35,887sh2yb@taehwakim.co.kr,010-9921-5418,남성
임현진,39,te0hdmof@taehwakim.co.kr,010-6773-3248,남성
조도아,21,wxnkmlxo@taehwakim.co.kr,010-6441-2196,여성
최현연,35,o7suj1uh@taehwakim.co.kr,010-1375-8569,남성
임지원,24,xfgcz68t@taehwakim.co.kr,010-9243-2074,여성
조지연,25,tusm474e@taehwakim.co.kr,010-3333-7114,여성
정지원,38,4v07bhfm@taehwakim.co.kr,010-4512-8670,남성
최지서,36,jg7aatpw@taehwakim.co.kr,010-4488-9152,여성
김서후,34,ahwwi8pr@taehwakim.co.kr,010-1535-5075,남성
윤주원,30,itcx0e03@taehwakim.co.kr,010-6718-9734,남성
박채우,35,kgempwzl@taehwakim.co.kr,010-6147-2182,여성
장서은,39,3tl15c3z@taehwakim.co.kr,010-8889-5192,남성
김윤아,21,yq8erk41@taehwakim.co.kr,010-9455-7747,여성
조하연,33,52ezz4eg@taehwakim.co.kr,010-2902-1100,남성
조주은,21,5q19z6ke@taehwakim.co.kr,010-4001-1393,여성
이서우,38,njza57l1@taehwakim.co.kr,010-9884-5642,남성
최주우,21,vrx7acdl@taehwakim.co.kr,010-3190-3773,여성
최주호,39,gz5fto3x@taehwakim.co.kr,010-5759-3610,남성
박지아,35,sg29z50u@taehwakim.co.kr,010-1075-5255,남성
조지우,27,u49kyz4h@taehwakim.co.kr,010-2079-8384,남성
장윤연,39,80l9euhn@taehwakim.co.kr,010-1800-2606,여성
윤예후,21,6trzy9zr@taehwakim.co.kr,010-6891-8170,남성
강현후,28,f28r0t3s@taehwakim.co.kr,010-3932-7013,여성
이서아,26,vek3lewc@taehwakim.co.kr,010-4690-7813,남성
박현연,26,pmjy2wff@taehwakim.co.kr,010-6067-3677,여성
박채호,38,6wpk1oh8@taehwakim.co.kr,010-3937-2619,여성
강도은,26,tms7p75f@taehwakim.co.kr,010-7523-5184,여성
박하윤,32,62daqfd6@taehwakim.co.kr,010-2419-1965,남성
이현서,38,h8nopw6t@taehwakim.co.kr,010-5988-7326,남성
장예윤,25,e7dfbelz@taehwakim.co.kr,010-9226-8436,여성
조지준,34,y21prxos@taehwakim.co.kr,010-8987-3811,남성
윤채윤,21,3hgiby8k@taehwakim.co.kr,010-1863-8960,여성
김도윤,24,sowwkmzd@taehwakim.co.kr,010-5406-6972,여성
박예우,30,29q4paus@taehwakim.co.kr,010-8650-5220,남성
김주연,33,2dsfqdxu@taehwakim.co.kr,010-9129-6703,여성
윤채진,25,etqazynk@taehwakim.co.kr,010-3235-1004,여성
이지후,22,h5xbtbd1@taehwakim.co.kr,010-8666-4372,남성
이하은,34,a603angy@taehwakim.co.kr,010-7876-9218,여성
박주진,36,hpmfq1ol@taehwakim.co.kr,010-2989-9764,여성
임지원,39,u4i9wquc@taehwakim.co.kr,010-7077-2086,여성
최하준,28,n3ia1ncf@taehwakim.co.kr,010-3277-3220,남성
최윤후,28,45ds6y4s@taehwakim.co.kr,010-2784-5047,남성
정현후,28,on8dkesa@taehwakim.co.kr,010-1895-5274,남성
강예은,31,sa8fff39@taehwakim.co.kr,010-2191-3448,남성
임윤아,35,cplekem0@taehwakim.co.kr,010-6952-8086,여성
장예서,27,nmhc2z7p@taehwakim.co.kr,010-4981-1814,남성
임현서,32,gz36zs22@taehwakim.co.kr,010-9761-8539,남성
장지준,27,i2677mxb@taehwakim.co.kr,010-5668-1948,남성
강서연,27,5t96zalx@taehwakim.co.kr,010-9989-7656,여성
김도연,30,0ejo8cl7@taehwakim.co.kr,010-1769-6457,남성
장주후,33,hm0lo4cr@taehwakim.co.kr,010-3059-2193,남성
장주원,33,awgp9lqw@taehwakim.co.kr,010-8975-2650,남성
김예윤,26,wljdqrqx@taehwakim.co.kr,010-4668-5610,여성
조도윤,27,h0w1j1dr@taehwakim.co.kr,010-4037-9270,남성
강하윤,25,dq2tsby3@taehwakim.co.kr,010-6446-5554,여성
박예진,28,vz74fx31@taehwakim.co.kr,010-1209-6822,여성
이서원,33,h0dmhoha@taehwakim.co.kr,010-5649-6960,남성
정윤연,31,fnjsq0y6@taehwakim.co.kr,010-9615-1637,남성
최현아,35,ahdma6y6@taehwakim.co.kr,010-2132-8978,남성
강현윤,28,6ypyfw02@taehwakim.co.kr,010-8331-8844,남성
강도은,21,1mui0c78@taehwakim.co.kr,010-4851-9159,남성
조주후,23,d6i2tzdp@taehwakim.co.kr,010-5848-5482,남성
정현연,23,1e33k5v5@taehwakim.co.kr,010-7673-8999,남성
임민준,24,ybdg0rf1@taehwakim.co.kr,010-9480-2696,남성
김하연,29,sgimp7aj@taehwakim.co.kr,010-6389-4958,여성
윤윤호,27,0t4yhnix@taehwakim.co.kr,010-7950-9973,남성
윤예서,30,llcjhc5q@taehwakim.co.kr,010-2996-2167,여성
조현진,26,0tn13f67@taehwakim.co.kr,010-6350-3865,남성
장지은,20,rlnrcqgj@taehwakim.co.kr,010-5551-7223,남성
이현진,25,tqdygbxa@taehwakim.co.kr,010-1884-9891,남성
정윤연,26,8xl1r3zw@taehwakim.co.kr,010-9921-7855,여성
박현아,28,7srbw39q@taehwakim.co.kr,010-1866-3233,여성
김주후,27,5xvh251j@taehwakim.co.kr,010-2091-8352,여성
김지우,30,bvjhxktp@taehwakim.co.kr,010-1157-7835,남성
강현원,20,9atx2zti@taehwakim.co.kr,010-8737-2975,남성
임도원,23,o3l3ipjt@taehwakim.co.kr,010-9832-7182,남성
정민우,23,smjgoiqb@taehwakim.co.kr,010-6961-9641,남성
정서은,27,euofpfo0@taehwakim.co.kr,010-5140-5912,남성
강예진,34,3c17ujlg@taehwakim.co.kr,010-7632-4681,여성
강서호,37,tqb8jcg5@taehwakim.co.kr,010-6648-8545,여성
이하서,24,kgeyhc4y@taehwakim.co.kr,010-8671-4857,남성
조채아,30,y6ywg70x@taehwakim.co.kr,010-4757-1677,여성
정도진,21,it7w24sk@taehwakim.co.kr,010-5941-4304,남성
강예아,24,d6ms5cb3@taehwakim.co.kr,010-5247-9340,남성
최윤서,37,rbyyllw4@taehwakim.co.kr,010-7831-3916,여성
최지호,36,i8n0c5df@taehwakim.co.kr,010-6860-8211,여성
장하진,27,y2cyfbe4@taehwakim.co.kr,010-7945-6169,남성
장예윤,38,32tp1it4@taehwakim.co.kr,010-7899-3437,남성
김도원,27,fae5jji8@taehwakim.co.kr,010-7746-4003,여성
강민준,32,31mqtnyi@taehwakim.co.kr,010-4796-1718,여성
박예진,38,iudtsduh@taehwakim.co.kr,010-9558-2316,남성
정주은,26,03bw5rbh@taehwakim.co.kr,010-7444-2865,여성
강지윤,35,esqt48wq@taehwakim.co.kr,010-8544-9558,여성
박하윤,22,l2ztvcfl@taehwakim.co.kr,010-8455-5018,여성
임현원,30,jkd6fz9b@taehwakim.co.kr,010-4222-5895,여성
강지진,24,1oe9oml4@taehwakim.co.kr,010-4417-1792,남성
이하호,36,wb8ceo58@taehwakim.co.kr,010-2888-2039,남성
최민윤,26,n3s3qdir@taehwakim.co.kr,010-4619-5685,남성
이채윤,30,mejjn509@taehwakim.co.kr,010-7622-5794,남성
장현호,32,9ndhasqz@taehwakim.co.kr,010-3568-8656,여성
최민은,24,69srzx1n@taehwakim.co.kr,010-5585-2244,여성
박지호,27,9qr40yi1@taehwakim.co.kr,010-2997-5481,여성
장하후,39,c5gf0jn9@taehwakim.co.kr,010-9056-3086,남성
장서원,38,wvgbykva@taehwakim.co.kr,010-4776-1887,여성
박예윤,20,2azudey4@taehwakim.co.kr,010-6109-6739,여성
조지진,23,tmoj5zw5@taehwakim.co.kr,010-2267-3889,남성
김채우,33,la0d4ig5@taehwakim.co.kr,010-9408-9976,남성
장채원,34,9eivdtpz@taehwakim.co.kr,010-6965-9262,남성
윤현진,32,wj9y52rk@taehwakim.co.kr,010-6884-2807,여성
윤지윤,32,90y9mexs@taehwakim.co.kr,010-5371-4436,남성
이윤후,34,jfcn8jg8@taehwakim.co.kr,010-6261-2070,여성
임지호,30,ksx5vq7o@taehwakim.co.kr,010-1963-9711,여성
임현진,27,ndoq87qq@taehwakim.co.kr,010-2463-1841,여성
장하호,23,phmn7rku@taehwakim.co.kr,010-2955-4043,여성
임주연,29,f0ywf0gt@taehwakim.co.kr,010-4402-8060,여성
조현은,32,gxh9badz@taehwakim.co.kr,010-5135-8803,여성
윤하후,25,znlym2ik@taehwakim.co.kr,010-3567-9869,남성
박민서,24,peo6ro38@taehwakim.co.kr,010-8767-8677,남성
조서준,37,ni8jg78d@taehwakim.co.kr,010-4392-7640,여성
이채준,38,bp95cpte@taehwakim.co.kr,010-3728-6478,남성
강현준,39,asjz5ics@taehwakim.co.kr,010-3332-6145,남성
조예아,29,zq17sgub@taehwakim.co.kr,010-6819-9939,여성
장현준,34,zlp0pcam@taehwakim.co.kr,010-6869-2271,여성
강민원,29,4p58vmzv@taehwakim.co.kr,010-9536-5929,남성
정하후,30,zgg865ti@taehwakim.co.kr,010-5733-7520,여성
강윤후,29,fj7qnggw@taehwakim.co.kr,010-2271-8031,남성
장주준,20,gkj8d2j0@taehwakim.co.kr,010-8144-6937,여성
정서준,33,03jzspo2@taehwakim.co.kr,010-1739-6305,여성
임예호,38,bslxzz1f@taehwakim.co.kr,010-3904-7113,남성
장현후,38,xgvmckhs@taehwakim.co.kr,010-9470-7579,여성
강지준,28,2cqx92ya@taehwakim.co.kr,010-2467-1769,남성
김지호,23,5nkue4wo@taehwakim.co.kr,010-5351-5488,남성
장서후,38,g3jk85s7@taehwakim.co.kr,010-3551-5378,남성
박윤호,36,xfewg1x9@taehwakim.co.kr,010-2282-7824,여성
최하윤,25,qhefddf1@taehwakim.co.kr,010-4823-9193,여성
김주연,31,pneidbc9@taehwakim.co.kr,010-8614-6869,남성
김채아,36,e8b5qz2o@taehwakim.co.kr,010-5180-2052,남성
임지아,30,erxo3fvq@taehwakim.co.kr,010-2552-2772,남성
최주호,24,jl04yj9t@taehwakim.co.kr,010-7873-8511,남성
윤지윤,32,hnclh755@taehwakim.co.kr,010-1956-4213,여성
임도준,33,8uw7l5s0@taehwakim.co.kr,010-4670-4438,남성
최예원,39,v6ocph5a@taehwakim.co.kr,010-3985-4453,남성
최민호,28,yljz1e0b@taehwakim.co.kr,010-3603-3179,여성
이서서,37,e4f1jsfc@taehwakim.co.kr,010-5822-2802,여성
정지서,38,zxl3a6w6@taehwakim.co.kr,010-2571-8096,남성
김지우,23,rc7xqrll@taehwakim.co.kr,010-8738-6130,여성
장현아,27,ou5r5qtt@taehwakim.co.kr,010-1580-5055,여성
