이름, 나이, 메일, 전화, 성별
조서우, 34, ylv9n542@taehwakim.co.kr, 010-2988-6049, 여성
김민후, 33, 3bgxycgv@taehwakim.co.kr, 010-3932-8077, 남성
윤지호, 38, 96o7781l@taehwakim.co.kr, 010-3414-4833, 남성
강윤우, 30, c7pcfow8@taehwakim.co.kr, 010-8798-3558, 남성
이현원, 26, lu5h4ka6@taehwakim.co.kr, 010-2077-5854, 남성
임민준, 29, wbjim3ug@taehwakim.co.kr, 010-5626-4297, 남성
장지연, 27, ogewr01q@taehwakim.co.kr, 010-9350-2453, 남성
최지서, 21, uoix9kb4@taehwakim.co.kr, 010-1262-5050, 여성
강도호, 30, 7kkzn8ox@taehwakim.co.kr, 010-5021-1358, 남성
강하원, 21, v4a8w36r@taehwakim.co.kr, 010-8423-8441, 여성
강하윤, 20, 24qqmmgk@taehwakim.co.kr, 010-7228-6794, 남성
임민준, 28, aqd2yadw@taehwakim.co.kr, 010-9080-2432, 남성
박민호, 35, xin4otgq@taehwakim.co.kr, 010-4818-1791, 남성
강지아, 26, pfts4gtg@taehwakim.co.kr, 010-5580-7697, 남성
윤민우, 35, emzlczkd@taehwakim.co.kr, 010-5417-3378, 남성
임윤후, 30, psk39vjp@taehwakim.co.kr, 010-4214-2434, 남성
강현호, 32, 58iiq40o@taehwakim.co.kr, 010-9977-8207, 남성
박채호, 23, o6bw43l8@taehwakim.co.kr, 010-8310-7544, 여성
이지연, 28, q2wzvo82@taehwakim.co.kr, 010-3884-6014, 남성
강채윤, 27, y2ld5b3t@taehwakim.co.kr, 010-7898-4620, 남성
이주우, 34, kki7nthr@taehwakim.co.kr, 010-3350-8214, 여성
임하준, 27, kfhlelaa@taehwakim.co.kr, 010-1977-4789, 남성
조지진, 23, 1fjdi4ru@taehwakim.co.kr, 010-1900-3653, 남성
윤채서, 34, rvmx0mh5@taehwakim.co.kr, 010-2871-1557, 여성
장지호, 31, 6gjp9prf@taehwakim.co.kr, 010-2888-9902, 여성
김지윤, 26, 7enc5my3@taehwakim.co.kr, 010-4609-5710, 여성
임지아, 20, 4do310p6@taehwakim.co.kr, 010-1241-2140, 남성
정하원, 31, 3aurliau@taehwakim.co.kr, 010-4712-5026, 남성
이서호, 39, ymv9a9g8@taehwakim.co.kr, 010-6024-8507, 여성
강채후, 28, b60upd1d@taehwakim.co.kr, 010-2814-4869, 여성
이윤준, 25, 747o3hsd@taehwakim.co.kr, 010-8224-3741, 여성
강채아, 32, rg5gsfxa@taehwakim.co.kr, 010-8800-6344, 여성
강서아, 37, h3f48ujj@taehwakim.co.kr, 010-6577-8834, 남성
이윤아, 24, smekcw12@taehwakim.co.kr, 010-4198-6519, 여성
이지아, 34, wq1xku9a@taehwakim.co.kr, 010-4132-3601, 남성
박현진, 35, mha39fxv@taehwakim.co.kr, 010-7260-8814, 남성
윤채아, 32, nnivc30x@taehwakim.co.kr, 010-3836-5816, 여성
장서아, 27, 7z7igllv@taehwakim.co.kr, 010-8986-5316, 여성
최예윤, 21, roe6a3zz@taehwakim.co.kr, 010-9964-1376, 여성
임예준, 22, jmqzy6dr@taehwakim.co.kr, 010-3181-2221, 남성
장윤연, 23, gxr0uw5v@taehwakim.co.kr, 010-1220-1406, 여성
이지아, 29, u2l1ql5u@taehwakim.co.kr, 010-2580-3325, 남성
장지윤, 23, aoptsa3r@taehwakim.co.kr, 010-5690-6110, 여성
박현준, 35, 8wlhyot2@taehwakim.co.kr, 010-7641-6998, 남성
조윤윤, 30, p8if9a71@taehwakim.co.kr, 010-1549-1801, 여성
이현연, 20, eskbr8k8@taehwakim.co.kr, 010-7622-4028, 남성
강예연, 35, 5x4bs93h@taehwakim.co.kr, 010-3750-9716, 남성
이민후, 31, 42inczt1@taehwakim.co.kr, 010-1771-4517, 남성
조민진, 30, 8m104fuw@taehwakim.co.kr, 010-8366-5655, 여성
김민진, 26, 691o4v92@taehwakim.co.kr, 010-7050-7992, 여성
강서우, 27, dhou4sxm@taehwakim.co.kr, 010-3330-1879, 여성
박서준, 39, 91f276em@taehwakim.co.kr, 010-8412-6603, 남성
장민호, 26, 4d50vhg2@taehwakim.co.kr, 010-4666-3328, 여성
최지은, 26, blx2vjpi@taehwakim.co.kr, 010-5434-9414, 여성
박주연, 28, 2lekeer9@taehwakim.co.kr, 010-9816-1262, 여성
윤예아, 29, hk7vnwdc@taehwakim.co.kr, 010-7992-3303, 남성
최예아, 38, 9w3ongib@taehwakim.co.kr, 010-7459-1257, 남성
강민아, 26, 9e40n9ab@taehwakim.co.kr, 010-4379-4534, 남성
박지아, 33, pz36vf9k@taehwakim.co.kr, 010-9246-6136, 남성
임채준, 31, m9pgh4sl@taehwakim.co.kr, 010-8659-5789, 여성
이윤은, 35, 8wo3oydb@taehwakim.co.kr, 010-2439-7812, 남성
장하후, 25, 0wqfyuvz@taehwakim.co.kr, 010-1244-8944, 남성
임윤서, 29, kyk7jnpf@taehwakim.co.kr, 010-5918-8764, 남성
박주준, 25, zdmjmsug@taehwakim.co.kr, 010-1853-7302, 여성
박채원, 24, 3i0s1ooj@taehwakim.co.kr, 010-9560-1910, 여성
윤서준, 35, 50jeej2f@taehwakim.co.kr, 010-5904-5658, 남성
이지후, 31, f3b7c5py@taehwakim.co.kr, 010-8865-2499, 남성
박서우, 23, bebrztfb@taehwakim.co.kr, 010-8626-3868, 여성
조지아, 34, brfeanu9@taehwakim.co.kr, 010-3118-3794, 남성
정채우, 34, d8iahtdo@taehwakim.co.kr, 010-3147-2459, 여성
박주준, 28, 17pspx37@taehwakim.co.kr, 010-2110-2214, 남성
김지후, 27, 9oxb0jqs@taehwakim.co.kr, 010-7951-1621, 여성
임지우, 26, 07s88cbl@taehwakim.co.kr, 010-6147-3536, 여성
장윤윤, 23, uq0iufz5@taehwakim.co.kr, 010-8534-3800, 여성
이주서, 37, liwmlax8@taehwakim.co.kr, 010-5947-9697, 여성
정하윤, 33, 7v21mivl@taehwakim.co.kr, 010-3849-3768, 여성
강도은, 37, vaox5sab@taehwakim.co.kr, 010-4823-7910, 여성
김윤아, 20, 4lbmet05@taehwakim.co.kr, 010-6701-9204, 남성
임예호, 38, b5p1hiuc@taehwakim.co.kr, 010-2255-6302, 여성
최민원, 21, 54ezbo5r@taehwakim.co.kr, 010-8024-3561, 여성
임지진, 21, zbvmdzc6@taehwakim.co.kr, 010-7039-8468, 여성
김서은, 32, nwyrzkhm@taehwakim.co.kr, 010-2268-7037, 여성
임예아, 37, gphwyp35@taehwakim.co.kr, 010-2688-7853, 여성
조민준, 36, snwpu7yd@taehwakim.co.kr, 010-2647-4743, 남성
정주아, 34, sxb6iptu@taehwakim.co.kr, 010-2680-4398, 남성
최현호, 31, b01vmvja@taehwakim.co.kr, 010-3171-3609, 여성
최예은, 31, 7ju9esqa@taehwakim.co.kr, 010-3020-1648, 여성
정채우, 30, ms1jyp4v@taehwakim.co.kr, 010-2894-8786, 여성
조민윤, 36, aa2e4yh8@taehwakim.co.kr, 010-8780-9993, 남성
강예은, 27, 41bsq1lp@taehwakim.co.kr, 010-6220-6363, 남성
이예준, 29, 295ttb1o@taehwakim.co.kr, 010-6643-8494, 여성
윤지서, 35, 1qwjqxls@taehwakim.co.kr, 010-4261-8211, 여성
장예우, 34, mc8ms22b@taehwakim.co.kr, 010-4977-8341, 여성
강예진, 21, tyzllgj9@taehwakim.co.kr, 010-1177-6646, 여성
정서연, 32, zfd9abuw@taehwakim.co.kr, 010-2933-1558, 남성
강지원, 35, w9cx9hp1@taehwakim.co.kr, 010-7382-1284, 여성
강민윤, 26, e2kpz9ht@taehwakim.co.kr, 010-4390-9689, 남성
김현호, 20, dl65s0xs@taehwakim.co.kr, 010-9386-5088, 여성
장지호, 20, tarsuzce@taehwakim.co.kr, 010-6100-5582, 여성
이채후, 21, unf2oqzg@taehwakim.co.kr, 010-1290-9231, 여성
강민준, 24, cemgpnnu@taehwakim.co.kr, 010-5025-3186, 남성
박민진, 32, hoazsq85@taehwakim.co.kr, 010-8042-5711, 여성
이주준, 22, 4fz1yqav@taehwakim.co.kr, 010-8658-7464, 남성
윤채은, 37, p1xqwk25@taehwakim.co.kr, 010-5494-4472, 여성
장민우, 27, edui11w1@taehwakim.co.kr, 010-8680-6235, 여성
임예서, 32, ncatlg1s@taehwakim.co.kr, 010-7846-4885, 남성
이주우, 32, srswj66v@taehwakim.co.kr, 010-4867-4211, 여성
장서준, 35, o7w8n9ob@taehwakim.co.kr, 010-6092-5328, 여성
장현아, 37, oqfe622f@taehwakim.co.kr, 010-3997-2219, 여성
윤지진, 22, 6ql6sv3w@taehwakim.co.kr, 010-6033-2022, 여성
임도후, 20, 9gmx3kuh@taehwakim.co.kr, 010-1154-6324, 여성
임주연, 21, 9wa98z6t@taehwakim.co.kr, 010-6104-1124, 남성
최주은, 26, qy27s9d8@taehwakim.co.kr, 010-9386-9835, 여성
이예준, 26, dpbgr2z5@taehwakim.co.kr, 010-5262-4408, 여성
장채은, 38, nra0kl6s@taehwakim.co.kr, 010-8913-6306, 여성
김주호, 25, wt9tqr1f@taehwakim.co.kr, 010-6489-2476, 남성
강윤원, 33, 852a68os@taehwakim.co.kr, 010-4983-2068, 남성
정예서, 24, yi3k1kxa@taehwakim.co.kr, 010-6042-5063, 남성
김지원, 31, ohg5f3ml@taehwakim.co.kr, 010-8534-2724, 남성
조하서, 38, 8ksqwqo6@taehwakim.co.kr, 010-5315-9089, 남성
장채호, 22, qepuh0b2@taehwakim.co.kr, 010-8536-4728, 여성
임민연, 35, y5ehnds8@taehwakim.co.kr, 010-1561-5330, 남성
최서연, 20, oukxi4o6@taehwakim.co.kr, 010-9190-4775, 남성
장채준, 39, lzj324qh@taehwakim.co.kr, 010-8589-7035, 여성
임지연, 24, d9vc03mx@taehwakim.co.kr, 010-3505-9705, 남성
박현아, 29, 0cx0u8bk@taehwakim.co.kr, 010-2095-2601, 남성
윤지준, 29, 31eiaey9@taehwakim.co.kr, 010-6109-1118, 남성
조현연, 25, q5cxyr8t@taehwakim.co.kr, 010-9065-3287, 남성
정하원, 21, dhbxiqhg@taehwakim.co.kr, 010-9427-1891, 여성
장지아, 33, ziz41lod@taehwakim.co.kr, 010-2513-2355, 남성
장주연, 30, yaxuawbo@taehwakim.co.kr, 010-5906-9683, 여성
강현서, 38, 3zv4xbb1@taehwakim.co.kr, 010-9089-5088, 여성
장도호, 22, hnk30szu@taehwakim.co.kr, 010-4439-4365, 남성
박지원, 29, d2rav3bt@taehwakim.co.kr, 010-3168-8809, 여성
윤서우, 23, d4q2fg7c@taehwakim.co.kr, 010-4623-1411, 남성
박서후, 34, d0qbhtlk@taehwakim.co.kr, 010-8430-3575, 여성
이도윤, 29, t8l90efr@taehwakim.co.kr, 010-5157-1892, 여성
최지우, 21, xc3slx4u@taehwakim.co.kr, 010-1902-7146, 남성
박주아, 32, mdj4ds1t@taehwakim.co.kr, 010-5586-7965, 남성
이지진, 26, nkzpft3q@taehwakim.co.kr, 010-1294-5907, 여성
정현서, 31, ofr5b0mv@taehwakim.co.kr, 010-3883-2505, 남성
이윤윤, 39, uw7onn3n@taehwakim.co.kr, 010-3826-2049, 남성
조서호, 23, q5d8nwzu@taehwakim.co.kr, 010-8062-8868, 남성
이채연, 31, y9mmqa32@taehwakim.co.kr, 010-4587-9797, 여성
김민우, 30, 20hqyj20@taehwakim.co.kr, 010-5725-4966, 남성
강지아, 25, 55hamcc7@taehwakim.co.kr, 010-1498-4621, 남성
이윤원, 21, 7tcaa92f@taehwakim.co.kr, 010-4919-5189, 여성
김예서, 24, gzpblhrt@taehwakim.co.kr, 010-3385-9602, 여성
정주우, 23, h394ta3s@taehwakim.co.kr, 010-4693-1828, 남성
임도원, 21, orci9ocy@taehwakim.co.kr, 010-4955-8443, 남성
정하윤, 32, et2bm7nj@taehwakim.co.kr, 010-4757-5728, 여성
최예서, 33, v4iqeujy@taehwakim.co.kr, 010-7397-4150, 남성
윤지진, 24, wzi65yig@taehwakim.co.kr, 010-4806-1812, 여성
이지준, 39, fgxqp07d@taehwakim.co.kr, 010-3336-3914, 여성
박예윤, 34, 0k5gebnf@taehwakim.co.kr, 010-1284-1823, 여성
장지준, 20, jxapxzlk@taehwakim.co.kr, 010-5882-8978, 남성
박지후, 23, exzxruas@taehwakim.co.kr, 010-8486-4425, 여성
임현준, 31, h852n3qx@taehwakim.co.kr, 010-8298-1928, 여성
윤윤연, 33, mhbqx7oq@taehwakim.co.kr, 010-3018-5892, 남성
이지원, 20, vrs673xq@taehwakim.co.kr, 010-3170-1162, 여성
강지윤, 26, xr2dpmsz@taehwakim.co.kr, 010-3065-5452, 여성
정예은, 31, l1u6q5b6@taehwakim.co.kr, 010-9013-8954, 남성
최주서, 31, zyjzb3xo@taehwakim.co.kr, 010-3399-9411, 여성
김지호, 23, csr9l3h2@taehwakim.co.kr, 010-8389-1911, 남성
이하후, 24, 67upmmdc@taehwakim.co.kr, 010-7180-8270, 남성
정예우, 33, 9mvzm8sb@taehwakim.co.kr, 010-6307-4456, 여성
임서윤, 30, qs89d3dj@taehwakim.co.kr, 010-1175-3210, 남성
장민우, 38, 1ynzxbi7@taehwakim.co.kr, 010-3585-7399, 남성
박예우, 22, 0dh0q7ir@taehwakim.co.kr, 010-6543-6843, 남성
조채호, 32, urs4uouu@taehwakim.co.kr, 010-4552-3546, 남성
이지서, 24, i22kfz2y@taehwakim.co.kr, 010-9996-6219, 여성
박채원, 35, 7efdb3on@taehwakim.co.kr, 010-4502-3453, 남성
최채원, 29, 3h5nrrqu@taehwakim.co.kr, 010-3858-2986, 여성
이윤우, 22, 6nlf2700@taehwakim.co.kr, 010-5732-3625, 남성
윤채후, 27, txp4slkp@taehwakim.co.kr, 010-1511-7038, 여성
정채후, 23, 1sqq64ks@taehwakim.co.kr, 010-7365-1344, 여성
윤서준, 25, 0qcmq51o@taehwakim.co.kr, 010-5502-7105, 여성
정주호, 26, bg4mg85l@taehwakim.co.kr, 010-1414-1796, 여성
강지서, 36, tyxlnahq@taehwakim.co.kr, 010-2591-3911, 남성
임하준, 31, 0ew66olh@taehwakim.co.kr, 010-3281-7381, 남성
장지윤, 23, na2q5ut2@taehwakim.co.kr, 010-5437-9931, 남성
장지아, 29, gsso0n8m@taehwakim.co.kr, 010-9912-3204, 여성
조도우, 29, 8dku0m43@taehwakim.co.kr, 010-4604-1995, 남성
최주후, 20, njl9u43x@taehwakim.co.kr, 010-1743-9706, 여성
김예원, 24, p48mudfh@taehwakim.co.kr, 010-4733-6428, 남성
최윤서, 37, q4zgav2t@taehwakim.co.kr, 010-2208-7834, 여성
박민서, 24, wpfbees1@taehwakim.co.kr, 010-2421-6415, 남성
정예준, 39, pljbotp6@taehwakim.co.kr, 010-9458-9706, 여성
이민아, 35, 7bykywtw@taehwakim.co.kr, 010-5231-7965, 여성
김주우, 37, amteuafy@taehwakim.co.kr, 010-9307-6487, 여성
강주진, 34, 95ez39h3@taehwakim.co.kr, 010-4123-2385, 여성
이도진, 24, iz2ubsfl@taehwakim.co.kr, 010-7458-2008, 여성
박주아, 35, 5l5mvlft@taehwakim.co.kr, 010-5829-3170, 남성
임지우, 38, eeli05ic@taehwakim.co.kr, 010-7725-1816, 남성
장윤후, 23, o2fzy85l@taehwakim.co.kr, 010-1597-2444, 여성
박서우, 29, q0mhnqcd@taehwakim.co.kr, 010-4664-3974, 남성
임지아, 35, ai4x1932@taehwakim.co.kr, 010-1120-4263, 남성
조하우, 32, c34pxjh3@taehwakim.co.kr, 010-7316-7977, 여성
윤민우, 31, dme1oak0@taehwakim.co.kr, 010-5981-1495, 여성
최서은, 39, njlkr8uf@taehwakim.co.kr, 010-6804-2202, 여성
박도우, 28, s6nyw7fg@taehwakim.co.kr, 010-5960-8757, 남성
정예은, 39, cmwywffu@taehwakim.co.kr, 010-2545-8594, 여성
강윤준, 26, a4gv9et5@taehwakim.co.kr, 010-7183-8669, 여성
김주원, 38, wdu0drei@taehwakim.co.kr, 010-5022-6297, 여성
임민후, 35, 0p32tedx@taehwakim.co.kr, 010-4233-7596, 여성
최현아, 35, cgstud5m@taehwakim.co.kr, 010-7974-2215, 여성
박지서, 26, newt32fl@taehwakim.co.kr, 010-8125-7596, 여성
장지은, 37, ij6omskx@taehwakim.co.kr, 010-1578-2671, 남성
김예아, 21, 5d7cdze2@taehwakim.co.kr, 010-8300-4055, 남성
조도진, 31, v4xazvlx@taehwakim.co.kr, 010-2223-2888, 남성
이윤윤, 26, nl59guif@taehwakim.co.kr, 010-5398-5948, 여성
임지원, 32, y2blrobp@taehwakim.co.kr, 010-1328-8020, 남성
이예연, 34, kfcloqx1@taehwakim.co.kr, 010-4692-3619, 남성
김도은, 20, txfs7bko@taehwakim.co.kr, 010-3261-9352, 남성
최하은, 21, 82vmxv1o@taehwakim.co.kr, 010-1858-3793, 여성
윤예준, 21, 30wm7fmb@taehwakim.co.kr, 010-8268-2298, 남성
박윤아, 28, aviz5duf@taehwakim.co.kr, 010-6534-7907, 여성
박현은, 23, dwebzplj@taehwakim.co.kr, 010-6726-8359, 남성
임채후, 33, 7dpm5vo4@taehwakim.co.kr, 010-7035-7792, 여성
박하아, 31, z2706f6p@taehwakim.co.kr, 010-1834-1673, 여성
김현호, 29, g825kkgk@taehwakim.co.kr, 010-3742-3003, 여성
이예준, 32, 9394reas@taehwakim.co.kr, 010-6952-4399, 남성
윤도진, 35, thmkjpz9@taehwakim.co.kr, 010-5162-1456, 남성
장지은, 21, 4yn2trgu@taehwakim.co.kr, 010-5835-9074, 남성
윤하준, 24, i8vy8wd4@taehwakim.co.kr, 010-1688-5455, 남성
박서은, 34, jzxo39qz@taehwakim.co.kr, 010-9206-7739, 남성
장채우, 25, ijked0tx@taehwakim.co.kr, 010-8778-3532, 남성
박예우, 36, lmr9p4d8@taehwakim.co.kr, 010-2640-6885, 남성
최서후, 27, 405ine1c@taehwakim.co.kr, 010-1767-9372, 남성
조윤우, 20, 2o2mqu6u@taehwakim.co.kr, 010-3745-9512, 여성
이하윤, 24, 905i9jhf@taehwakim.co.kr, 010-6450-7039, 여성
박하원, 33, r7tkheub@taehwakim.co.kr, 010-2226-2215, 남성
최채후, 32, fndfyiqa@taehwakim.co.kr, 010-5522-6390, 여성
윤지후, 34, 9czi6501@taehwakim.co.kr, 010-2991-6796, 남성
이민은, 29, lriizhup@taehwakim.co.kr, 010-2029-1616, 남성
김민호, 25, wkvsp8y8@taehwakim.co.kr, 010-2593-6336, 남성
강도윤, 26, md7mk8wz@taehwakim.co.kr, 010-8937-7112, 여성
윤지우, 38, 9qjw8g01@taehwakim.co.kr, 010-3286-1699, 여성
정지우, 25, d9kq4y7x@taehwakim.co.kr, 010-8934-2771, 여성
강하서, 34, 64xue1gp@taehwakim.co.kr, 010-2992-7565, 남성
박현연, 20, jahdmsqo@taehwakim.co.kr, 010-1259-3692, 남성
최채우, 33, pcjrkofu@taehwakim.co.kr, 010-2675-2800, 남성
강지은, 33, r88o9eqj@taehwakim.co.kr, 010-9616-9350, 여성
최예연, 28, ezs1ttz4@taehwakim.co.kr, 010-7167-1627, 남성
최서은, 21, kgv98uyp@taehwakim.co.kr, 010-9865-8605, 남성
강채윤, 22, psmhmnwf@taehwakim.co.kr, 010-6668-2767, 남성
이주호, 39, pkvv12i7@taehwakim.co.kr, 010-9080-4204, 남성
장현아, 28, eb6wytm1@taehwakim.co.kr, 010-5273-7441, 여성
강민진, 23, cz1uiqy0@taehwakim.co.kr, 010-2011-6097, 남성
윤민은, 26, 6sf6e7ag@taehwakim.co.kr, 010-2083-1193, 남성
임서호, 23, pg0wgamm@taehwakim.co.kr, 010-1978-2776, 남성
조지준, 25, t47qjkuo@taehwakim.co.kr, 010-9983-9890, 여성
윤하후, 25, g3e89pk2@taehwakim.co.kr, 010-3830-7456, 여성
정윤호, 39, uled7w4y@taehwakim.co.kr, 010-3591-5359, 남성
박예서, 36, j5npu8qs@taehwakim.co.kr, 010-5551-1812, 여성
장현은, 24, wvd91cuh@taehwakim.co.kr, 010-7748-5941, 남성
정현서, 37, ekpjdla5@taehwakim.co.kr, 010-8890-9578, 남성
최하진, 26, 85w43ib7@taehwakim.co.kr, 010-7414-1869, 여성
임예연, 25, 2hbsqklm@taehwakim.co.kr, 010-4779-5225, 여성
윤지원, 22, plx6cmpu@taehwakim.co.kr, 010-2574-9379, 남성
조예서, 20, b5newakb@taehwakim.co.kr, 010-7598-4949, 여성
강지준, 24, xsdmctoe@taehwakim.co.kr, 010-5842-3476, 여성
임현진, 32, fnmvrms3@taehwakim.co.kr, 010-4624-6169, 여성
이예후, 39, o8m1o7ae@taehwakim.co.kr, 010-4107-6098, 여성
강서우, 28, zexmi9sw@taehwakim.co.kr, 010-9926-8028, 남성
최하후, 24, 12nbjqup@taehwakim.co.kr, 010-7146-9183, 여성
최하서, 29, aq1ca7cs@taehwakim.co.kr, 010-5421-6393, 남성
이예우, 29, lf3nhg90@taehwakim.co.kr, 010-6797-5965, 여성
장도서, 20, 7kd4ejp4@taehwakim.co.kr, 010-8481-2718, 남성
장하진, 24, 8cu7x3l6@taehwakim.co.kr, 010-5191-5091, 남성
정서연, 35, c44m7kez@taehwakim.co.kr, 010-8886-3984, 여성
최채후, 33, u9u54fax@taehwakim.co.kr, 010-2022-7744, 여성
김서연, 23, klunm7b7@taehwakim.co.kr, 010-1354-8116, 남성
강지아, 32, s0vmew1j@taehwakim.co.kr, 010-6884-2611, 남성
조예진, 33, nxitfsa7@taehwakim.co.kr, 010-1780-4249, 남성
임채준, 36, 1iwke5w0@taehwakim.co.kr, 010-5537-3726, 남성
장현우, 27, b0mum3vs@taehwakim.co.kr, 010-4420-7994, 남성
임민준, 24, 55epegls@taehwakim.co.kr, 010-4166-6623, 여성
임하아, 32, ji5lwbfx@taehwakim.co.kr, 010-8529-6776, 남성
정하아, 28, xea0knjb@taehwakim.co.kr, 010-4793-2333, 여성
강하은, 37, uq2mvujf@taehwakim.co.kr, 010-3161-3751, 남성
박민진, 36, 1ngv7tuk@taehwakim.co.kr, 010-7904-7290, 여성
강도연, 29, m1dkzhdf@taehwakim.co.kr, 010-4110-7785, 남성
임서아, 27, 5tga1d1f@taehwakim.co.kr, 010-1256-9176, 남성
박지호, 33, 7utz5fga@taehwakim.co.kr, 010-4825-3034, 남성
조지은, 26, r9u7n32v@taehwakim.co.kr, 010-3466-9779, 남성
이예진, 38, xzb6hto3@taehwakim.co.kr, 010-2545-1295, 남성
윤도후, 25, kiij8nn1@taehwakim.co.kr, 010-3374-9809, 남성
김서아, 39, wj0jw4cb@taehwakim.co.kr, 010-2805-5923, 남성
김지진, 23, jq50fuc7@taehwakim.co.kr, 010-4164-2812, 여성
윤민서, 34, jvrzzp1h@taehwakim.co.kr, 010-3679-5908, 남성
윤하준, 37, 7p1k95pq@taehwakim.co.kr, 010-3148-5136, 여성
조윤호, 25, exampmcx@taehwakim.co.kr, 010-6872-7902, 남성
조주서, 26, 6h390adc@taehwakim.co.kr, 010-6961-4412, 여성
강채윤, 21, 2ogk2h17@taehwakim.co.kr, 010-5976-8846, 남성
이지준, 35, llw5uz97@taehwakim.co.kr, 010-3235-8677, 여성
장채호, 32, cj7ikydg@taehwakim.co.kr, 010-6064-8966, 남성
이주준, 31, n6tsgr3z@taehwakim.co.kr, 010-3501-3520, 남성
임도아, 20, ggbgbsql@taehwakim.co.kr, 010-9433-6173, 여성
최예원, 30, wh2cxg6n@taehwakim.co.kr, 010-7186-8326, 여성
윤현준, 23, 2dy46wzt@taehwakim.co.kr, 010-9987-9553, 남성
정민윤, 34, 8xhq9jgg@taehwakim.co.kr, 010-9782-6413, 남성
임윤진, 32, girccbog@taehwakim.co.kr, 010-4340-6174, 남성
김지연, 36, 5aarrdbb@taehwakim.co.kr, 010-8043-2110, 남성
최하후, 37, a654ewgr@taehwakim.co.kr, 010-4265-5320, 남성
조지아, 21, p4v638at@taehwakim.co.kr, 010-9446-7864, 여성
임지준, 22, 9ebbc95k@taehwakim.co.kr, 010-9250-9859, 여성
윤윤후, 34, iag925ja@taehwakim.co.kr, 010-2214-8035, 남성
이하아, 25, 5lyopc1f@taehwakim.co.kr, 010-6229-2980, 여성
이도아, 38, ein9nw1b@taehwakim.co.kr, 010-1810-5894, 여성
이민원, 31, 14yoi7e1@taehwakim.co.kr, 010-3766-1288, 남성
최채준, 31, qp3e14uq@taehwakim.co.kr, 010-7425-9663, 남성
이예후, 21, m0fv7ha2@taehwakim.co.kr, 010-4323-9923, 여성
임서호, 33, e2q9znqm@taehwakim.co.kr, 010-4816-9544, 여성
정예진, 25, 0bsmek51@taehwakim.co.kr, 010-1165-2883, 여성
박민호, 24, z1bspmlf@taehwakim.co.kr, 010-8786-9006, 여성
강주서, 37, bz7sdi7z@taehwakim.co.kr, 010-7691-4380, 여성
정채진, 38, ifmnz3ti@taehwakim.co.kr, 010-3672-7400, 여성
최지호, 33, p8xrq4rr@taehwakim.co.kr, 010-1736-8492, 여성
임서서, 35, e49hm5n1@taehwakim.co.kr, 010-8480-8998, 남성
김예서, 22, 71xo1gf7@taehwakim.co.kr, 010-2926-4851, 남성
강주윤, 34, dxdcj0ob@taehwakim.co.kr, 010-9015-4756, 여성
조윤진, 32, 4pg6uft9@taehwakim.co.kr, 010-3730-3052, 여성
강지우, 38, h6ga1qar@taehwakim.co.kr, 010-9206-7373, 여성
박채후, 37, 5ftgo4pd@taehwakim.co.kr, 010-1169-3626, 여성
윤민은, 38, kbl8cho1@taehwakim.co.kr, 010-9093-1706, 남성
임주후, 34, um74pt6z@taehwakim.co.kr, 010-5421-9841, 남성
최서준, 21, 0kuvjpm3@taehwakim.co.kr, 010-1386-6202, 남성
윤예호, 28, 6yntf188@taehwakim.co.kr, 010-2261-8822, 여성
정채호, 38, t1u2ybzl@taehwakim.co.kr, 010-3835-2762, 여성
강주원, 38, jb8hj0a6@taehwakim.co.kr, 010-5874-1837, 여성
강민윤, 23, fb98nqzh@taehwakim.co.kr, 010-9894-3904, 남성
임주서, 28, 3t6crzmm@taehwakim.co.kr, 010-4063-1555, 여성
조하호, 26, 38rujtap@taehwakim.co.kr, 010-5934-6710, 남성
최지진, 29, gegb3157@taehwakim.co.kr, 010-8687-8574, 여성
박민후, 32, b1ngin0g@taehwakim.co.kr, 010-8544-5840, 여성
정하서, 34, nkt9ti46@taehwakim.co.kr, 010-3782-1520, 남성
조예윤, 24, jnl3uklf@taehwakim.co.kr, 010-5848-4876, 여성
김지은, 27, 5nhbr30j@taehwakim.co.kr, 010-7782-8956, 남성
임주서, 21, w2ue528p@taehwakim.co.kr, 010-2948-2286, 여성
박지진, 39, 48htkghf@taehwakim.co.kr, 010-1175-3814, 남성
조지호, 28, eq8gs65h@taehwakim.co.kr, 010-3729-9235, 남성
장윤호, 32, s19u401e@taehwakim.co.kr, 010-5880-5685, 여성
윤서은, 30, b0l49jhb@taehwakim.co.kr, 010-4578-7158, 남성
임윤연, 30, dreeg0hm@taehwakim.co.kr, 010-5003-1788, 남성
최지후, 35, mnrbcg1n@taehwakim.co.kr, 010-5532-5245, 남성
정지우, 36, v25lnfx2@taehwakim.co.kr, 010-3329-6667, 남성
최지우, 23, poo49awt@taehwakim.co.kr, 010-3705-8473, 남성
이도연, 34, py881z8b@taehwakim.co.kr, 010-7779-7112, 여성
강주아, 20, berw0mia@taehwakim.co.kr, 010-1189-5298, 여성
장서진, 35, yyk3i5at@taehwakim.co.kr, 010-3693-6928, 여성
박지우, 38, p8svn1rp@taehwakim.co.kr, 010-9203-3543, 여성
김윤후, 32, 9fe3u3nc@taehwakim.co.kr, 010-2160-1920, 남성
박민연, 22, ckxwe2fp@taehwakim.co.kr, 010-4471-9023, 여성
조지아, 35, ycul9ls9@taehwakim.co.kr, 010-4126-6006, 여성
윤현호, 23, bn94v973@taehwakim.co.kr, 010-3582-2616, 여성
임서진, 39, m4j2uysa@taehwakim.co.kr, 010-6589-5320, 남성
김지진, 33, yxdg6coz@taehwakim.co.kr, 010-1654-1711, 여성
이하우, 24, gyiqhtrm@taehwakim.co.kr, 010-4182-2167, 남성
최지은, 28, 2an4smh5@taehwakim.co.kr, 010-8187-7394, 남성
정지아, 37, zalc1l0d@taehwakim.co.kr, 010-9011-5180, 여성
최예원, 23, ee4fdhca@taehwakim.co.kr, 010-8323-7019, 여성
강윤서, 25, d1j23z7s@taehwakim.co.kr, 010-5042-9319, 남성
임지서, 37, way7fbyb@taehwakim.co.kr, 010-6231-8897, 남성
장서서, 36, osykmjym@taehwakim.co.kr, 010-1863-2082, 남성
윤지진, 23, 7ban1rg8@taehwakim.co.kr, 010-8108-9222, 여성
장하서, 27, txeul7no@taehwakim.co.kr, 010-9644-2925, 남성
최민아, 29, jnvlavcq@taehwakim.co.kr, 010-1213-5848, 여성
박윤서, 25, ljmie5vo@taehwakim.co.kr, 010-6533-2449, 남성
조현윤, 32, vxipec8d@taehwakim.co.kr, 010-3000-4582, 여성
강예호, 38, raz315x7@taehwakim.co.kr, 010-5743-1310, 여성
임지은, 28, ayyjvidk@taehwakim.co.kr, 010-5715-4173, 여성
김지연, 32, ivbil06x@taehwakim.co.kr, 010-1723-5391, 남성
최채우, 31, ch3fd69q@taehwakim.co.kr, 010-2379-9313, 남성
박윤윤, 21, 7ppwv0tm@taehwakim.co.kr, 010-4969-8274, 여성
강예호, 22, slidze6d@taehwakim.co.kr, 010-5785-7890, 여성
박서준, 34, 45ml4cx1@taehwakim.co.kr, 010-7688-1670, 여성
박지호, 29, mzz18z6t@taehwakim.co.kr, 010-5436-2858, 여성
최민후, 32, f4yyayq6@taehwakim.co.kr, 010-2150-1589, 여성
장채진, 34, hwd5nw84@taehwakim.co.kr, 010-4748-8256, 여성
임하서, 34, 1j911slh@taehwakim.co.kr, 010-9389-9377, 남성
조윤우, 22, pymbslic@taehwakim.co.kr, 010-2048-9407, 여성
이도윤, 35, 6tmbjmxy@taehwakim.co.kr, 010-2621-1884, 남성
임채호, 29, 4arlpi2c@taehwakim.co.kr, 010-1523-6765, 남성
최하서, 24, quyq59tv@taehwakim.co.kr, 010-1395-6920, 남성
정지준, 20, zfgi3hg0@taehwakim.co.kr, 010-5498-2261, 여성
정현연, 39, sjboeajw@taehwakim.co.kr, 010-5205-4817, 여성
장현준, 27, 9h93crh5@taehwakim.co.kr, 010-2193-8282, 여성
정예호, 30, 1mwkqpck@taehwakim.co.kr, 010-5606-1645, 여성
박윤원, 22, aj7h08ab@taehwakim.co.kr, 010-8251-9386, 남성
장도윤, 33, b20iko0p@taehwakim.co.kr, 010-5247-4149, 여성
조지후, 20, 6csd2w70@taehwakim.co.kr, 010-1924-5138, 남성
이예후, 22, evwqvipa@taehwakim.co.kr, 010-5900-9182, 여성
최지후, 31, zkt6v8hq@taehwakim.co.kr, 010-7049-2165, 여성
박예아, 39, stjj9x6m@taehwakim.co.kr, 010-2403-2693, 여성
정서연, 27, lgxygb7o@taehwakim.co.kr, 010-3866-7250, 남성
조지은, 30, ljybj35e@taehwakim.co.kr, 010-5165-8290, 여성
정현은, 29, cxbk2c0p@taehwakim.co.kr, 010-2541-1645, 남성
조지우, 34, 9uvp8z60@taehwakim.co.kr, 010-7483-1498, 여성
정지준, 33, 8n8dbp94@taehwakim.co.kr, 010-7824-9558, 여성
박민윤, 25, 1fca76rq@taehwakim.co.kr, 010-9637-1996, 여성
윤윤후, 34, zknmx4hs@taehwakim.co.kr, 010-7020-1772, 남성
장지원, 38, q0nw7nr5@taehwakim.co.kr, 010-1304-9641, 남성
박현준, 23, ffzmv68b@taehwakim.co.kr, 010-8302-1939, 여성
장주후, 30, 2csvq4kr@taehwakim.co.kr, 010-2994-7493, 남성
조하진, 20, 6in15nb8@taehwakim.co.kr, 010-6270-9692, 여성
최주아, 27, b8nrcz2g@taehwakim.co.kr, 010-9956-5747, 남성
정현우, 23, qaq5jax6@taehwakim.co.kr, 010-9053-8533, 남성
정도아, 30, f7tqbzv0@taehwakim.co.kr, 010-5254-2265, 남성
박현원, 36, vwboqj4k@taehwakim.co.kr, 010-9680-1608, 여성
윤채준, 20, qm9elsn2@taehwakim.co.kr, 010-9375-2283, 여성
조윤아, 27, bmi1snsc@taehwakim.co.kr, 010-9396-9434, 남성
조민준, 30, rdnxq2k3@taehwakim.co.kr, 010-1798-7184, 여성
강민호, 26, 1az1cd78@taehwakim.co.kr, 010-9504-2136, 여성
최민준, 39, 2bhmkdke@taehwakim.co.kr, 010-3466-5807, 여성
박민원, 35, 738mffof@taehwakim.co.kr, 010-4250-6838, 여성
김윤진, 22, 47m5mmw4@taehwakim.co.kr, 010-6027-1545, 남성
최예진, 22, jj4i3jmj@taehwakim.co.kr, 010-2364-8896, 남성
김도원, 33, r3o7c6r4@taehwakim.co.kr, 010-1830-9794, 남성
윤지원, 25, qytdnats@taehwakim.co.kr, 010-5298-1506, 여성
임서윤, 33, s5kg9ent@taehwakim.co.kr, 010-3718-2190, 여성
박예은, 23, a5yjvbir@taehwakim.co.kr, 010-5899-9034, 남성
조도우, 21, seh7rd1n@taehwakim.co.kr, 010-9463-1905, 남성
김도윤, 36, 2a8hmu8k@taehwakim.co.kr, 010-7146-1647, 남성
이하은, 21, ari57wem@taehwakim.co.kr, 010-1541-9922, 남성
최주우, 39, 9cfhaygr@taehwakim.co.kr, 010-9505-3856, 여성
장현진, 27, 3q8n643m@taehwakim.co.kr, 010-9034-7776, 여성
임서서, 39, 2itp2za1@taehwakim.co.kr, 010-3674-7884, 여성
이지진, 37, yk4doraw@taehwakim.co.kr, 010-6391-1788, 여성
윤도서, 22, 9n8wim93@taehwakim.co.kr, 010-8011-9042, 남성
박윤원, 38, mi6rou4b@taehwakim.co.kr, 010-6097-5074, 여성
강지은, 25, 7gtwkh2b@taehwakim.co.kr, 010-7331-7763, 남성
이도호, 38, f07rw93t@taehwakim.co.kr, 010-6107-5880, 여성
강예호, 39, tr30ukax@taehwakim.co.kr, 010-6415-7098, 남성
박지아, 25, y178c6jw@taehwakim.co.kr, 010-2591-4871, 여성
윤서연, 29, 9pq01y8r@taehwakim.co.kr, 010-6924-3690, 남성
강하원, 30, b4w19nwx@taehwakim.co.kr, 010-8559-4980, 여성
조윤진, 28, uwk1w3vs@taehwakim.co.kr, 010-4712-1949, 남성
강서연, 37, l168fhm7@taehwakim.co.kr, 010-4271-5490, 남성
강주진, 28, dxawkcw7@taehwakim.co.kr, 010-4959-3429, 여성
임윤윤, 20, e74w7hg7@taehwakim.co.kr, 010-2417-4564, 남성
조서후, 28, a00fuulf@taehwakim.co.kr, 010-5937-6876, 남성
강지윤, 21, 6t9o2v3z@taehwakim.co.kr, 010-5761-2073, 여성
김예아, 39, r8cner2w@taehwakim.co.kr, 010-5161-7650, 여성
김민후, 24, s3lqk0jp@taehwakim.co.kr, 010-3766-5125, 여성
임주후, 30, 679dfq8d@taehwakim.co.kr, 010-5551-4225, 남성
윤서원, 27, cs75tq75@taehwakim.co.kr, 010-8118-8132, 여성
임채아, 32, lrr6n981@taehwakim.co.kr, 010-3226-4718, 남성
임서연, 22, 394n39bm@taehwakim.co.kr, 010-6936-9028, 남성
윤지연, 31, l73mul78@taehwakim.co.kr, 010-1653-3036, 남성
이채우, 30, 0rv0rau7@taehwakim.co.kr, 010-7817-3160, 여성
이채호, 36, x6b37tv4@taehwakim.co.kr, 010-4028-5581, 여성
윤채준, 37, u8zh0aa6@taehwakim.co.kr, 010-9393-1243, 남성
윤도서, 28, 41riyqs1@taehwakim.co.kr, 010-6191-5359, 여성
김채후, 36, su547zm4@taehwakim.co.kr, 010-8682-6047, 남성
정현후, 33, yglfy52m@taehwakim.co.kr, 010-4241-6624, 여성
최현연, 39, 6s6iqwt6@taehwakim.co.kr, 010-5093-1448, 남성
임현후, 37, jbzyab74@taehwakim.co.kr, 010-4637-5840, 남성
정지연, 29, 6isjegb7@taehwakim.co.kr, 010-7104-8056, 여성
정하서, 32, qttehaeh@taehwakim.co.kr, 010-6185-3993, 여성
장윤진, 38, fl01re2n@taehwakim.co.kr, 010-9403-6384, 남성
정하우, 29, 4g6vkhii@taehwakim.co.kr, 010-1280-5725, 남성
정지아, 30, 2jxqru6c@taehwakim.co.kr, 010-1488-1801, 여성
이지은, 28, 23edw75n@taehwakim.co.kr, 010-8100-8585, 남성
윤예윤, 22, blwdczce@taehwakim.co.kr, 010-4244-8817, 여성
김채아, 23, 53widp1q@taehwakim.co.kr, 010-3429-4877, 여성
김지진, 22, 4g7n6251@taehwakim.co.kr, 010-3063-8693, 남성
정주진, 27, 07p6asem@taehwakim.co.kr, 010-5884-8184, 여성
최윤은, 28, 5v1qksoj@taehwakim.co.kr, 010-4276-3047, 여성
장채서, 26, lete2egm@taehwakim.co.kr, 010-7220-9969, 여성
장하호, 27, n06u96v7@taehwakim.co.kr, 010-8862-6583, 남성
임현우, 32, xh8zdfyg@taehwakim.co.kr, 010-1551-3304, 남성
조하준, 29, lx7h4skn@taehwakim.co.kr, 010-6268-9613, 여성
김주연, 29, qsm9fmb6@taehwakim.co.kr, 010-9021-9702, 남성
이하원, 27, oghweez3@taehwakim.co.kr, 010-9023-9531, 남성
최민서, 31, x1y2zuvk@taehwakim.co.kr, 010-5197-2949, 여성
김현준, 29, kzntsnnf@taehwakim.co.kr, 010-5111-4520, 남성
윤서연, 36, nvbjzmdp@taehwakim.co.kr, 010-7013-7635, 남성
최주연, 28, ho9ca6to@taehwakim.co.kr, 010-8439-6267, 여성
박주호, 28, 9uzeul9j@taehwakim.co.kr, 010-8967-2952, 여성
조채아, 27, ttqqijtx@taehwakim.co.kr, 010-3954-6490, 남성
최도아, 37, hdp1hxp7@taehwakim.co.kr, 010-4800-3896, 여성
조하후, 31, 3zw393c6@taehwakim.co.kr, 010-8450-7491, 여성
임현윤, 32, 5vhowcd4@taehwakim.co.kr, 010-6710-9036, 남성
장지서, 33, atbzoorw@taehwakim.co.kr, 010-6664-9032, 여성
정도서, 31, yaviw5bv@taehwakim.co.kr, 010-7946-1929, 남성
김지진, 34, vkr29boj@taehwakim.co.kr, 010-9551-8435, 여성
임윤준, 30, cngspwbg@taehwakim.co.kr, 010-7426-6949, 여성
윤예아, 33, 1mnvtguh@taehwakim.co.kr, 010-3164-1369, 여성
장현원, 31, jpe5b61c@taehwakim.co.kr, 010-4157-8408, 여성
이하연, 31, oruo4t81@taehwakim.co.kr, 010-9181-5924, 여성
박채진, 26, g4fvv2hn@taehwakim.co.kr, 010-4738-8658, 남성
강도아, 36, hh6714ml@taehwakim.co.kr, 010-7596-8910, 남성
강민후, 37, 5x1gglqz@taehwakim.co.kr, 010-8078-8958, 여성
이현후, 28, fu805z03@taehwakim.co.kr, 010-4537-8823, 남성
정주진, 20, tdwnn5sb@taehwakim.co.kr, 010-1849-3896, 남성
김주후, 24, h7vq2ndp@taehwakim.co.kr, 010-4856-9888, 남성
임지준, 23, mv45kmfy@taehwakim.co.kr, 010-5366-4455, 남성
박도진, 26, 26ytdqx5@taehwakim.co.kr, 010-9521-4102, 여성
정채원, 20, rowq5bgj@taehwakim.co.kr, 010-3675-1794, 여성
김현준, 36, w8dq83i1@taehwakim.co.kr, 010-1850-5530, 남성
강서윤, 38, sse521do@taehwakim.co.kr, 010-3973-1243, 남성
최현우, 34, ahuga60s@taehwakim.co.kr, 010-7379-9940, 남성
최현윤, 24, bwut5ad5@taehwakim.co.kr, 010-5961-3263, 남성
박주연, 23, 2onxipmx@taehwakim.co.kr, 010-7535-8193, 남성
임윤은, 27, ncp3rl6j@taehwakim.co.kr, 010-8043-6740, 여성
임예서, 33, lq0s7vf0@taehwakim.co.kr, 010-1360-7548, 여성
윤예윤, 39, h79hd1kj@taehwakim.co.kr, 010-9573-6468, 남성
박도서, 30, 1fmolvn3@taehwakim.co.kr, 010-9975-8426, 여성
최지우, 36, 98xyotaz@taehwakim.co.kr, 010-1119-9144, 여성
강지호, 27, 9ew75mlh@taehwakim.co.kr, 010-6669-5979, 여성
강채준, 24, u1h5c8u3@taehwakim.co.kr, 010-6045-6828, 남성
김하우, 33, h9f9vmvr@taehwakim.co.kr, 010-5815-7387, 남성
최예아, 25, jqme0w12@taehwakim.co.kr, 010-8997-9129, 남성
정예후, 32, a90e41ao@taehwakim.co.kr, 010-7814-5315, 남성
정예우, 39, 5cuft41w@taehwakim.co.kr, 010-6950-5141, 여성
장윤후, 34, io9iygd5@taehwakim.co.kr, 010-5559-3121, 남성
박서윤, 28, eb068lyx@taehwakim.co.kr, 010-4691-8696, 남성
이하아, 29, jnyfj9oy@taehwakim.co.kr, 010-8215-3952, 여성
임예후, 32, 89hbjj20@taehwakim.co.kr, 010-8113-5331, 여성
정현후, 28, srqouxnr@taehwakim.co.kr, 010-3448-5976, 남성
장도연, 33, vd6s5pz2@taehwakim.co.kr, 010-4557-1739, 여성
조도서, 36, 0m845mit@taehwakim.co.kr, 010-5149-7456, 남성
최예우, 37, u2s4nqtf@taehwakim.co.kr, 010-6758-3240, 남성
이서연, 38, jpsle421@taehwakim.co.kr, 010-7885-9972, 여성
이현진, 21, dq3rzzku@taehwakim.co.kr, 010-8968-6167, 남성
최윤은, 38, vg9zt8h6@taehwakim.co.kr, 010-8461-4853, 여성
박하은, 28, 4zm13anj@taehwakim.co.kr, 010-3287-9791, 남성
강채아, 24, e8sqe6jg@taehwakim.co.kr, 010-9959-1547, 남성
김주연, 35, bmmuen7p@taehwakim.co.kr, 010-7978-6174, 여성
김현윤, 36, kayh82ox@taehwakim.co.kr, 010-9293-3736, 남성
강서서, 29, x47x711u@taehwakim.co.kr, 010-3097-8681, 여성
김채호, 36, iddi4tqe@taehwakim.co.kr, 010-2777-8436, 남성
김예윤, 20, atc2pgva@taehwakim.co.kr, 010-7325-7010, 여성
강도호, 37, nisowtbe@taehwakim.co.kr, 010-3255-4769, 남성
조도서, 39, ic2jzkhf@taehwakim.co.kr, 010-2062-4509, 여성
정도우, 26, s178z7xu@taehwakim.co.kr, 010-5620-4462, 남성
윤도서, 28, rikf566n@taehwakim.co.kr, 010-4121-7435, 여성
강윤진, 26, 5iskjuhc@taehwakim.co.kr, 010-3826-8065, 남성
박채진, 37, h5nngujg@taehwakim.co.kr, 010-1569-3829, 남성
이민윤, 20, 6qhc378a@taehwakim.co.kr, 010-5191-4764, 남성
임주은, 28, n05le1sq@taehwakim.co.kr, 010-3210-6191, 여성
김지후, 28, uyzp1axp@taehwakim.co.kr, 010-4204-7406, 남성
박도진, 35, 45eyubcm@taehwakim.co.kr, 010-1140-8162, 남성
장서후, 32, qf0enusy@taehwakim.co.kr, 010-1224-2727, 남성
최주연, 31, v2i4n7x9@taehwakim.co.kr, 010-6430-5328, 남성
박현진, 33, alzmfefe@taehwakim.co.kr, 010-4323-7624, 남성
장윤우, 31, 78dvui03@taehwakim.co.kr, 010-6747-7729, 여성
정하은, 24, ucectw97@taehwakim.co.kr, 010-7167-3165, 여성
최지후, 35, ym3i5lvt@taehwakim.co.kr, 010-1280-6701, 남성
김하우, 30, p8c3qcgx@taehwakim.co.kr, 010-3723-3534, 남성
임현윤, 29, sjh2pkfe@taehwakim.co.kr, 010-5722-4383, 여성
조윤서, 30, nzp20zhi@taehwakim.co.kr, 010-2955-3345, 여성
임예서, 26, hu7dnkrx@taehwakim.co.kr, 010-6433-6248, 여성
장주연, 38, 8q6jci4g@taehwakim.co.kr, 010-1438-2678, 남성
조예연, 27, aeogaw0q@taehwakim.co.kr, 010-2653-4687, 남성
윤현준, 22, wtxc1cul@taehwakim.co.kr, 010-9290-5349, 여성
강주연, 39, iljbitj0@taehwakim.co.kr, 010-3181-6376, 여성
윤도호, 32, 17tfax57@taehwakim.co.kr, 010-9790-6623, 여성
정예원, 37, hhlbkxam@taehwakim.co.kr, 010-2009-4246, 여성
조현진, 21, zmubmd2a@taehwakim.co.kr, 010-2423-4960, 남성
정채호, 22, f1olk85u@taehwakim.co.kr, 010-6844-7854, 남성
윤민아, 36, iaoz95fq@taehwakim.co.kr, 010-1382-6702, 남성
조지서, 39, 5yyxtr8t@taehwakim.co.kr, 010-1984-4879, 여성
장하은, 21, 6677bozq@taehwakim.co.kr, 010-8622-2548, 남성
박지우, 27, xedikoa2@taehwakim.co.kr, 010-7463-4094, 남성
조민원, 20, hdkjjs9b@taehwakim.co.kr, 010-3061-8919, 남성
윤민아, 34, bh1z0bgv@taehwakim.co.kr, 010-9964-3764, 여성
최도호, 35, 4gdhb77w@taehwakim.co.kr, 010-7528-3220, 여성
장현후, 33, jgom8csr@taehwakim.co.kr, 010-6653-1294, 여성
임지연, 39, 9saxe7sr@taehwakim.co.kr, 010-8991-4992, 남성
임현은, 22, 2innbyrw@taehwakim.co.kr, 010-9865-7148, 여성
강지은, 36, ebif7ydu@taehwakim.co.kr, 010-4625-2244, 남성
박주서, 30, q3wwcshg@taehwakim.co.kr, 010-6799-9647, 남성
이채아, 29, gcsph89h@taehwakim.co.kr, 010-1488-9675, 남성
임주준, 35, rq5wq197@taehwakim.co.kr, 010-9125-6766, 남성
윤주서, 23, cjy23epz@taehwakim.co.kr, 010-6144-1744, 여성
윤지윤, 30, 4htvtops@taehwakim.co.kr, 010-8729-2701, 남성
조예진, 28, b3ryduj6@taehwakim.co.kr, 010-3061-5413, 남성
윤지윤, 30, dm08xa04@taehwakim.co.kr, 010-2076-4461, 여성
윤채원, 29, 0aly0yw6@taehwakim.co.kr, 010-9386-9149, 남성
조주준, 39, 2gva4g7v@taehwakim.co.kr, 010-3624-2240, 여성
강현우, 23, m5ch6b3u@taehwakim.co.kr, 010-6825-4092, 남성
장채연, 29, ojpns7ms@taehwakim.co.kr, 010-3075-2570, 남성
김민호, 26, jcju2je1@taehwakim.co.kr, 010-8864-9167, 남성
윤예은, 26, tcj22ar7@taehwakim.co.kr, 010-4967-4348, 여성
김윤연, 37, ygudv6su@taehwakim.co.kr, 010-8270-4138, 여성
최민아, 32, sp59pj9a@taehwakim.co.kr, 010-5876-7115, 여성
장윤서, 35, sht45m9n@taehwakim.co.kr, 010-1441-9118, 여성
이도연, 28, d9jjxehf@taehwakim.co.kr, 010-3055-4173, 여성
장민준, 24, k5ocspfb@taehwakim.co.kr, 010-4854-1500, 여성
정지서, 26, hbvctkvo@taehwakim.co.kr, 010-5186-6662, 여성
윤서아, 31, ntw5as1q@taehwakim.co.kr, 010-4518-3632, 여성
윤민윤, 20, ph55dbtg@taehwakim.co.kr, 010-5560-8811, 남성
장하원, 30, 9u66sy0n@taehwakim.co.kr, 010-2493-6303, 여성
임윤서, 28, n4fogrxh@taehwakim.co.kr, 010-4867-8007, 남성
윤서진, 20, swyiei0e@taehwakim.co.kr, 010-1616-1830, 남성
임예호, 27, g53p27u8@taehwakim.co.kr, 010-7408-4153, 여성
최채연, 31, 41tqzq9j@taehwakim.co.kr, 010-8360-5432, 남성
임채진, 27, lyz16u74@taehwakim.co.kr, 010-9665-6775, 여성
박현준, 28, xza556l4@taehwakim.co.kr, 010-4968-3689, 여성
김윤연, 36, 94fnaa6z@taehwakim.co.kr, 010-5524-6279, 여성
조서준, 31, q3xjem6x@taehwakim.co.kr, 010-9643-5029, 여성
정하서, 25, ql1c4yx1@taehwakim.co.kr, 010-7096-7492, 여성
정지진, 36, b7htcins@taehwakim.co.kr, 010-3958-2169, 여성
최지원, 33, 06spc31l@taehwakim.co.kr, 010-5856-2247, 남성
강서우, 32, f4s9vms6@taehwakim.co.kr, 010-6630-3472, 여성
조주은, 23, hytt6r9l@taehwakim.co.kr, 010-4838-7103, 남성
이민준, 37, 70nde83b@taehwakim.co.kr, 010-9435-8412, 여성
윤지진, 35, 45qtkfdi@taehwakim.co.kr, 010-1529-3896, 남성
김도준, 26, 4k38hvth@taehwakim.co.kr, 010-8991-3004, 남성
최현은, 23, q0o10nqd@taehwakim.co.kr, 010-2654-5304, 남성
임지진, 33, 1kkro0bk@taehwakim.co.kr, 010-4680-4933, 남성
이하진, 24, st1jf4zd@taehwakim.co.kr, 010-5952-7855, 남성
정윤준, 39, dzee9r0s@taehwakim.co.kr, 010-9936-6133, 남성
이현서, 37, wv0isgc9@taehwakim.co.kr, 010-6730-1280, 남성
박주호, 27, a1seaxm4@taehwakim.co.kr, 010-4414-7979, 여성
박주호, 27, 5m2agvn3@taehwakim.co.kr, 010-2030-9332, 남성
이주은, 27, h4vpm05j@taehwakim.co.kr, 010-8671-4448, 여성
조지진, 30, 2vczkxor@taehwakim.co.kr, 010-4772-9320, 여성
임민원, 35, sv5pdzb8@taehwakim.co.kr, 010-2759-4141, 여성
김하은, 29, dtc5x6cg@taehwakim.co.kr, 010-5523-1896, 남성
이도후, 21, yeh6gbtf@taehwakim.co.kr, 010-5699-2475, 여성
조윤준, 29, koddokhu@taehwakim.co.kr, 010-2677-6954, 남성
강지은, 35, ml7qtn1t@taehwakim.co.kr, 010-8796-1425, 남성
윤서윤, 38, 88vd5s2a@taehwakim.co.kr, 010-6037-7987, 남성
조주서, 21, npok1u3j@taehwakim.co.kr, 010-3429-9489, 남성
정지서, 33, 0wbv3rjt@taehwakim.co.kr, 010-9313-3939, 여성
최윤원, 22, cfk980u4@taehwakim.co.kr, 010-4234-5748, 남성
윤서원, 39, k7lbq1oc@taehwakim.co.kr, 010-6947-3349, 남성
최예윤, 28, p4qpxbxy@taehwakim.co.kr, 010-5849-3049, 남성
김지후, 39, mksbly7j@taehwakim.co.kr, 010-6078-2591, 남성
장도서, 27, g831uofv@taehwakim.co.kr, 010-8449-2138, 여성
임도우, 26, 9cyt8mh5@taehwakim.co.kr, 010-7643-7649, 남성
정지윤, 28, y0m1u9xw@taehwakim.co.kr, 010-3815-1651, 여성
정윤준, 23, 1hcen33w@taehwakim.co.kr, 010-2100-9739, 여성
정예윤, 37, fh23fgci@taehwakim.co.kr, 010-5118-4458, 여성
이지준, 33, 9pda89n4@taehwakim.co.kr, 010-8889-4862, 남성
조현은, 27, 1u9jzk9s@taehwakim.co.kr, 010-2660-5007, 남성
임지후, 21, diocabvl@taehwakim.co.kr, 010-6741-7919, 남성
박하준, 30, t37i70f8@taehwakim.co.kr, 010-9867-6152, 남성
윤하진, 22, favwb9j7@taehwakim.co.kr, 010-8856-7117, 여성
최주우, 21, l25ggjnj@taehwakim.co.kr, 010-6337-9922, 여성
강지호, 37, 0r9r6jti@taehwakim.co.kr, 010-1242-2893, 여성
장윤원, 39, zfrbl4lu@taehwakim.co.kr, 010-9423-6179, 여성
장도아, 35, yx6v3fgh@taehwakim.co.kr, 010-5021-7019, 여성
이서호, 31, ikv2m9en@taehwakim.co.kr, 010-8112-2394, 여성
이서은, 32, q6tlj2ma@taehwakim.co.kr, 010-4699-7315, 남성
정주후, 22, cgi75wvd@taehwakim.co.kr, 010-7154-7351, 여성
임채우, 26, 6gagvw49@taehwakim.co.kr, 010-9127-7778, 여성
장하윤, 21, cg3b6ols@taehwakim.co.kr, 010-1954-7914, 여성
김하준, 31, jbjry9es@taehwakim.co.kr, 010-1896-4275, 여성
장지아, 34, qnygbydq@taehwakim.co.kr, 010-2307-1163, 남성
윤도진, 21, 00cvixlk@taehwakim.co.kr, 010-6678-3985, 여성
정예은, 22, rzxfqzoe@taehwakim.co.kr, 010-3569-3022, 여성
윤윤우, 39, wt6wysth@taehwakim.co.kr, 010-5314-6715, 남성
김하호, 37, jvtnm9qe@taehwakim.co.kr, 010-8536-5776, 여성
조민우, 21, un74afbb@taehwakim.co.kr, 010-7215-3397, 여성
정서연, 20, u705c9m2@taehwakim.co.kr, 010-4001-3339, 여성
조채후, 20, up61jatz@taehwakim.co.kr, 010-4296-6010, 여성
임예후, 24, v9t3v6j1@taehwakim.co.kr, 010-4714-6876, 여성
최주아, 23, i37v9dya@taehwakim.co.kr, 010-3292-9605, 여성
장채진, 30, s84airao@taehwakim.co.kr, 010-7778-3725, 여성
강지우, 30, sdv73g7c@taehwakim.co.kr, 010-1811-4714, 여성
정예우, 31, 4m7ltyuc@taehwakim.co.kr, 010-6763-1658, 남성
조도아, 20, 5mtbjqkm@taehwakim.co.kr, 010-1235-2650, 여성
임현아, 38, 422k91dh@taehwakim.co.kr, 010-2102-6215, 남성
이채은, 29, f3dfb580@taehwakim.co.kr, 010-7410-3908, 남성
윤주호, 20, u6f0bfah@taehwakim.co.kr, 010-9316-2325, 남성
최윤준, 22, xz0thp2t@taehwakim.co.kr, 010-5565-1312, 남성
박하후, 31, bq9ydg21@taehwakim.co.kr, 010-1407-5023, 남성
조도은, 36, t02wx9lc@taehwakim.co.kr, 010-4096-3487, 남성
윤현호, 28, hpwdw95w@taehwakim.co.kr, 010-8916-7150, 남성
박지원, 36, gbrcyich@taehwakim.co.kr, 010-5145-5090, 여성
강주윤, 35, qbpqfbv0@taehwakim.co.kr, 010-7558-5468, 남성
조민후, 28, mpeuvop0@taehwakim.co.kr, 010-7488-4290, 남성
최지은, 30, blw5oqxi@taehwakim.co.kr, 010-4367-5047, 여성
최예진, 35, ruya9ci7@taehwakim.co.kr, 010-6051-6933, 남성
조예원, 38, w5vkbhfx@taehwakim.co.kr, 010-1741-2216, 여성
김하윤, 20, yg4to25p@taehwakim.co.kr, 010-6604-2210, 여성
장예연, 28, nx1wx1v9@taehwakim.co.kr, 010-7793-8134, 여성
윤지서, 36, ot7evlp0@taehwakim.co.kr, 010-6245-6172, 여성
최지원, 36, 8kcwehx3@taehwakim.co.kr, 010-9497-6365, 남성
김채호, 28, 8q70dmm9@taehwakim.co.kr, 010-4469-9036, 남성
윤지서, 30, jzdy3oxh@taehwakim.co.kr, 010-5693-7329, 여성
강지서, 25, z4204aof@taehwakim.co.kr, 010-6187-1447, 여성
강도아, 30, skbgjlyw@taehwakim.co.kr, 010-5684-2785, 남성
이민서, 20, 41zjf7bh@taehwakim.co.kr, 010-4470-7290, 남성
강주연, 34, hmibywcb@taehwakim.co.kr, 010-4080-5130, 여성
강서진, 20, vhx57esz@taehwakim.co.kr, 010-4284-7282, 남성
조도우, 26, qoce2226@taehwakim.co.kr, 010-2817-5295, 남성
조채서, 24, fa2y86la@taehwakim.co.kr, 010-4864-7864, 남성
윤주연, 26, owsim7c4@taehwakim.co.kr, 010-7134-3460, 남성
정민은, 31, lppqlfa9@taehwakim.co.kr, 010-1316-7110, 여성
정지우, 37, v7avudg0@taehwakim.co.kr, 010-8604-2058, 남성
조도우, 21, 7k0p8isv@taehwakim.co.kr, 010-2046-6493, 여성
조채서, 35, 6vgbs3l0@taehwakim.co.kr, 010-1250-2929, 남성
이민후, 34, uke5f2m6@taehwakim.co.kr, 010-3053-7893, 남성
강하우, 29, 8hu5768p@taehwakim.co.kr, 010-9080-9162, 남성
최서연, 35, l12gdkab@taehwakim.co.kr, 010-6885-1257, 남성
장현진, 28, obvyno15@taehwakim.co.kr, 010-6236-1301, 남성
조현아, 29, jdy8va7y@taehwakim.co.kr, 010-9952-6605, 남성
정민우, 33, grtwzm7w@taehwakim.co.kr, 010-1771-4958, 여성
이민연, 22, aoius9i0@taehwakim.co.kr, 010-2229-3658, 여성
임주후, 29, jppcbvrl@taehwakim.co.kr, 010-3290-9522, 남성
정지원, 23, vhco9vdg@taehwakim.co.kr, 010-2473-1348, 남성
박하윤, 26, l7j4nk7e@taehwakim.co.kr, 010-5453-9145, 남성
정하후, 39, 1e4mbzpw@taehwakim.co.kr, 010-8045-6571, 여성
윤현은, 30, io4khf2o@taehwakim.co.kr, 010-5148-5026, 여성
정서서, 34, 9zdsby35@taehwakim.co.kr, 010-5656-6786, 남성
윤현후, 37, 0j10bldu@taehwakim.co.kr, 010-6256-2194, 남성
이현서, 38, p50f88ht@taehwakim.co.kr, 010-9444-2777, 여성
임지호, 38, 146qqmry@taehwakim.co.kr, 010-3258-6733, 남성
최하원, 36, 1d4wapxw@taehwakim.co.kr, 010-1266-8004, 여성
강주은, 25, 4o0bdisv@taehwakim.co.kr, 010-4107-7646, 여성
김민윤, 32, 0fwoco58@taehwakim.co.kr, 010-7296-6377, 남성
이현은, 34, o7r31wxv@taehwakim.co.kr, 010-5862-4260, 여성
이하진, 37, 4ct57o80@taehwakim.co.kr, 010-6848-2314, 남성
이채후, 34, 3e1lqa4d@taehwakim.co.kr, 010-3543-1921, 여성
장하은, 30, j217bzhw@taehwakim.co.kr, 010-5872-8465, 남성
장지우, 33, icy0nr1f@taehwakim.co.kr, 010-9768-4989, 남성
김지원, 30, 9w8n8igt@taehwakim.co.kr, 010-5451-1321, 여성
김서진, 20, 4oj8aasw@taehwakim.co.kr, 010-6620-5773, 남성
장지우, 22, yvydu5o8@taehwakim.co.kr, 010-4972-4853, 여성
김도아, 20, w0znfwre@taehwakim.co.kr, 010-9178-5075, 남성
강하원, 37, ko6fz0yi@taehwakim.co.kr, 010-6242-9596, 남성
윤현준, 20, txlrwyeq@taehwakim.co.kr, 010-5263-2393, 남성
박지연, 31, lobolrtt@taehwakim.co.kr, 010-9132-5468, 여성
조윤준, 38, 5fuhdxzp@taehwakim.co.kr, 010-6816-4315, 남성
조예아, 30, cerjg3yi@taehwakim.co.kr, 010-8733-7523, 남성
윤채진, 38, gid77dqc@taehwakim.co.kr, 010-2216-1643, 남성
최채윤, 31, bkw2c01u@taehwakim.co.kr, 010-7877-2413, 여성
최예진, 20, k4ocw3r9@taehwakim.co.kr, 010-7665-9231, 여성
최지윤, 20, jfm9frak@taehwakim.co.kr, 010-9706-5046, 남성
박민우, 20, l8cmllwx@taehwakim.co.kr, 010-3346-1675, 남성
강주아, 26, 5mkxn7um@taehwakim.co.kr, 010-4464-7967, 남성
최현아, 23, 7xnhkpxp@taehwakim.co.kr, 010-9572-5646, 여성
정하우, 23, 4m2p18d4@taehwakim.co.kr, 010-6449-3609, 남성
임윤연, 31, nuzh4w3o@taehwakim.co.kr, 010-9664-1301, 남성
윤주서, 22, mm8ldm47@taehwakim.co.kr, 010-8563-5072, 여성
강지서, 33, qi6499dz@taehwakim.co.kr, 010-1408-2585, 남성
장민윤, 29, 8qokseyj@taehwakim.co.kr, 010-3213-3963, 남성
최예윤, 23, ll2pidc7@taehwakim.co.kr, 010-3372-7145, 여성
강도준, 33, 086h8e4y@taehwakim.co.kr, 010-2427-5690, 여성
이도원, 36, 454268yi@taehwakim.co.kr, 010-2823-6764, 남성
장지은, 23, xlslj43c@taehwakim.co.kr, 010-4964-5040, 여성
이예아, 24, 656iqj4h@taehwakim.co.kr, 010-5544-2740, 남성
장윤서, 23, hgnh7h79@taehwakim.co.kr, 010-5756-7716, 남성
조민은, 25, 85vjp11l@taehwakim.co.kr, 010-6676-6949, 남성
강지호, 23, vp31tc9n@taehwakim.co.kr, 010-6982-4248, 남성
이하우, 39, khghp9ec@taehwakim.co.kr, 010-7816-5266, 남성
임채은, 22, s5tf8u7q@taehwakim.co.kr, 010-1609-2722, 여성
장하연, 28, yyf916m4@taehwakim.co.kr, 010-5239-8963, 여성
임서아, 20, lhi6uert@taehwakim.co.kr, 010-2378-9639, 여성
윤현호, 36, ay5rqio5@taehwakim.co.kr, 010-2122-1475, 여성
박지원, 38, apfmq5gi@taehwakim.co.kr, 010-6959-2786, 여성
임채후, 35, gqyxwqv5@taehwakim.co.kr, 010-8318-4360, 남성
박현후, 28, mr459wu3@taehwakim.co.kr, 010-4327-3908, 남성
윤예연, 32, se9nylrb@taehwakim.co.kr, 010-8852-8058, 남성
최민원, 28, 2yck5zhr@taehwakim.co.kr, 010-6127-3535, 여성
최하호, 30, ozez42g5@taehwakim.co.kr, 010-2223-2602, 여성
임민연, 24, g6xzjg85@taehwakim.co.kr, 010-3200-7929, 남성
조지연, 34, v5v1rhaj@taehwakim.co.kr, 010-1416-7501, 남성
장서후, 34, adby3f9m@taehwakim.co.kr, 010-6498-4176, 여성
임도우, 38, f5hdoby5@taehwakim.co.kr, 010-1348-8394, 여성
조지원, 30, fvcnkmx9@taehwakim.co.kr, 010-3527-4779, 남성
최지준, 23, enjb6jcg@taehwakim.co.kr, 010-3293-8515, 여성
윤현서, 21, mc0om4av@taehwakim.co.kr, 010-7320-2972, 남성
이도은, 20, 7u5q5sv5@taehwakim.co.kr, 010-1856-2503, 남성
정윤후, 37, 17uwl2nx@taehwakim.co.kr, 010-8649-6244, 남성
강채아, 24, fefqp6yu@taehwakim.co.kr, 010-7553-6166, 남성
김채서, 28, c63vmjkr@taehwakim.co.kr, 010-4064-1870, 여성
장윤서, 27, erikyc4d@taehwakim.co.kr, 010-8266-7583, 남성
최윤우, 20, 6vma6lnz@taehwakim.co.kr, 010-3361-4162, 남성
조윤윤, 27, rn56bd1e@taehwakim.co.kr, 010-7783-7405, 남성
정예호, 24, acdvtf1m@taehwakim.co.kr, 010-3703-9999, 남성
조주윤, 36, q2jbtzej@taehwakim.co.kr, 010-6281-3599, 남성
강서진, 24, 9wp89rba@taehwakim.co.kr, 010-9254-1815, 여성
김하윤, 23, o0s5oqhw@taehwakim.co.kr, 010-1560-4584, 여성
강지아, 27, tea79x6i@taehwakim.co.kr, 010-1293-3175, 여성
장채후, 38, ishhiliq@taehwakim.co.kr, 010-8390-2744, 여성
임서준, 28, 5dvkigcg@taehwakim.co.kr, 010-7750-9771, 여성
강지윤, 33, b51rdblz@taehwakim.co.kr, 010-1717-1342, 여성
이도서, 21, w7ji3ayy@taehwakim.co.kr, 010-5641-3421, 남성
임윤호, 35, kws43znt@taehwakim.co.kr, 010-5672-4027, 여성
장주후, 35, de3jk6aw@taehwakim.co.kr, 010-2186-9580, 여성
박예준, 39, 8c33f4np@taehwakim.co.kr, 010-8220-1290, 여성
최지우, 23, 5kvyr4pg@taehwakim.co.kr, 010-7229-7174, 여성
윤채은, 28, 4juyary0@taehwakim.co.kr, 010-2145-9410, 남성
강지아, 26, 4m3at1f1@taehwakim.co.kr, 010-6537-5721, 남성
최서준, 28, zuzptue4@taehwakim.co.kr, 010-3322-4873, 여성
강채서, 21, joufgadj@taehwakim.co.kr, 010-7816-5061, 남성
이채아, 37, 3pjm8xc1@taehwakim.co.kr, 010-1435-4635, 여성
최채서, 21, ds98gcgk@taehwakim.co.kr, 010-7831-9267, 남성
김지은, 37, wqqkxb56@taehwakim.co.kr, 010-9539-3020, 여성
박서은, 31, otqy6a22@taehwakim.co.kr, 010-2375-6862, 남성
김지우, 24, 1pk59zmd@taehwakim.co.kr, 010-1280-6425, 남성
김주준, 39, hi2c7bl6@taehwakim.co.kr, 010-7251-3787, 남성
최주우, 20, po48j4uk@taehwakim.co.kr, 010-7886-5236, 남성
정지은, 27, x0eqx35d@taehwakim.co.kr, 010-1908-4193, 여성
최현호, 30, 0lparbhz@taehwakim.co.kr, 010-7697-8992, 여성
조예원, 22, 9r7xpqid@taehwakim.co.kr, 010-7745-1369, 남성
조현서, 23, ivojkx1m@taehwakim.co.kr, 010-8518-9288, 남성
강현원, 31, dakjd92c@taehwakim.co.kr, 010-2188-8247, 여성
이지우, 32, huqi78mc@taehwakim.co.kr, 010-3810-7890, 여성
최민후, 26, 6su06yf7@taehwakim.co.kr, 010-1548-9270, 여성
최서호, 27, kk8d3f52@taehwakim.co.kr, 010-2620-6450, 여성
조지원, 23, unzq452p@taehwakim.co.kr, 010-5993-5657, 남성
이지원, 36, yxu37mcv@taehwakim.co.kr, 010-2446-8009, 여성
강주서, 24, mdb0sqeq@taehwakim.co.kr, 010-3486-4074, 남성
정하후, 29, 65cub3ki@taehwakim.co.kr, 010-8396-2236, 남성
김지윤, 23, h10zdccw@taehwakim.co.kr, 010-7882-1297, 여성
임주후, 25, l9ts8k33@taehwakim.co.kr, 010-6820-9288, 남성
장현진, 30, 2r5y3e8b@taehwakim.co.kr, 010-1934-9251, 남성
박지우, 39, 67szlws5@taehwakim.co.kr, 010-9909-7008, 남성
장서진, 23, ymrl5aec@taehwakim.co.kr, 010-1351-7960, 남성
정지원, 21, caezy303@taehwakim.co.kr, 010-1584-7749, 남성
이주진, 36, l4pn22hs@taehwakim.co.kr, 010-5598-1297, 여성
정도아, 38, n6qoe0ap@taehwakim.co.kr, 010-7271-1464, 여성
장주아, 28, a8wtw7fk@taehwakim.co.kr, 010-4429-2618, 남성
장예서, 27, xws2sn1n@taehwakim.co.kr, 010-4730-6277, 남성
정민아, 32, yo5gahpb@taehwakim.co.kr, 010-6738-4048, 여성
조예연, 31, 84slpmmc@taehwakim.co.kr, 010-7421-5425, 남성
김민준, 25, qwbuonyj@taehwakim.co.kr, 010-7314-6426, 남성
강주윤, 30, 2jr8nhkv@taehwakim.co.kr, 010-3076-2644, 남성
김예준, 27, 4wnfn8rm@taehwakim.co.kr, 010-1762-9561, 여성
김서준, 21, 7pr0x2h6@taehwakim.co.kr, 010-1417-3586, 남성
박지연, 30, 4tylj4a7@taehwakim.co.kr, 010-6551-9159, 남성
조지우, 25, xyf5lzkq@taehwakim.co.kr, 010-3584-2301, 남성
이도후, 30, ik5at18r@taehwakim.co.kr, 010-6335-5722, 여성
김지윤, 29, 9v3h9epn@taehwakim.co.kr, 010-6262-1643, 여성
강현진, 39, ovy655ur@taehwakim.co.kr, 010-8401-8170, 남성
임채연, 27, dv9bl3j2@taehwakim.co.kr, 010-4401-6412, 여성
강지호, 35, w7sda8m1@taehwakim.co.kr, 010-6574-5932, 남성
정하윤, 35, o2xrgxrz@taehwakim.co.kr, 010-2401-5926, 여성
임주윤, 32, 4pm7k6g3@taehwakim.co.kr, 010-3601-6743, 남성
정채윤, 33, 9v03d9u9@taehwakim.co.kr, 010-6232-7629, 남성
장현연, 38, 6sfdtcd1@taehwakim.co.kr, 010-5155-4181, 남성
김채진, 32, 96u1ztf4@taehwakim.co.kr, 010-7991-8811, 남성
윤채원, 25, ms9eiw20@taehwakim.co.kr, 010-8235-1440, 여성
김예아, 20, 3b1dfya2@taehwakim.co.kr, 010-4433-9657, 여성
윤지준, 37, nchp1ga2@taehwakim.co.kr, 010-1866-9760, 남성
조서진, 29, wk33o8zn@taehwakim.co.kr, 010-2270-9000, 여성
강현진, 36, ncmt0ri0@taehwakim.co.kr, 010-8872-7510, 여성
조민호, 34, v2yqzgv4@taehwakim.co.kr, 010-6560-6174, 남성
조민준, 37, pz8hq18x@taehwakim.co.kr, 010-4642-9878, 남성
강윤은, 30, o03qx2bh@taehwakim.co.kr, 010-2152-9502, 여성
박예준, 28, ck1did0z@taehwakim.co.kr, 010-8570-7680, 남성
장채원, 21, 6juisoao@taehwakim.co.kr, 010-1127-8219, 남성
윤민윤, 22, 1nr2u8q4@taehwakim.co.kr, 010-7704-7821, 여성
박서은, 36, 4sspud8a@taehwakim.co.kr, 010-6287-2503, 남성
박채호, 23, tvg2pfit@taehwakim.co.kr, 010-5753-8977, 남성
임지호, 26, 401bsvti@taehwakim.co.kr, 010-3473-9597, 남성
최하원, 25, fsc3pv75@taehwakim.co.kr, 010-6067-5046, 남성
강도진, 27, vqerzvxm@taehwakim.co.kr, 010-9698-7814, 남성
이민은, 29, cu8530br@taehwakim.co.kr, 010-4981-8271, 여성
임채서, 37, hf58alac@taehwakim.co.kr, 010-7982-6758, 남성
강현준, 21, hq5n4z2y@taehwakim.co.kr, 010-6651-5280, 남성
윤민진, 23, aksm1l9v@taehwakim.co.kr, 010-4657-3636, 여성
이지원, 39, 6oq57ao0@taehwakim.co.kr, 010-4973-9265, 남성
최지원, 30, 8fxe6afm@taehwakim.co.kr, 010-2608-4643, 여성
최지호, 29, 1jl20nm4@taehwakim.co.kr, 010-3054-3054, 남성
조윤후, 22, sforxb4h@taehwakim.co.kr, 010-1202-5054, 남성
이주진, 35, xdynpxis@taehwakim.co.kr, 010-9836-2568, 여성
장서우, 34, 4hvv7iqg@taehwakim.co.kr, 010-9502-9232, 여성
임윤서, 38, ghfcx8zw@taehwakim.co.kr, 010-9141-5912, 여성
강윤윤, 23, jxlksiqw@taehwakim.co.kr, 010-1802-1735, 여성
김지호, 21, b3n0iyji@taehwakim.co.kr, 010-4863-6746, 남성
김도아, 21, l05aeiqt@taehwakim.co.kr, 010-2769-3876, 여성
최주후, 21, fpo4flup@taehwakim.co.kr, 010-2499-1774, 여성
박민윤, 36, 28pnd545@taehwakim.co.kr, 010-3980-6956, 여성
박윤우, 28, mmfhljge@taehwakim.co.kr, 010-3830-9143, 여성
강예원, 38, 8omlept3@taehwakim.co.kr, 010-2532-8844, 남성
조도진, 25, aeuu8hbs@taehwakim.co.kr, 010-2661-8877, 남성
강채우, 25, cepozm2k@taehwakim.co.kr, 010-3169-6894, 남성
강주후, 32, mc2l0ig6@taehwakim.co.kr, 010-9019-3690, 여성
정도은, 32, 6pnj2se5@taehwakim.co.kr, 010-1555-9422, 남성
최지호, 30, vrkagwgy@taehwakim.co.kr, 010-2473-2343, 남성
조지은, 33, xm5tyhuq@taehwakim.co.kr, 010-7188-6442, 여성
조하우, 30, jre5crbq@taehwakim.co.kr, 010-9832-3934, 남성
임도호, 32, 4269hlv6@taehwakim.co.kr, 010-4902-3865, 남성
이현후, 36, xk6yw4r2@taehwakim.co.kr, 010-7305-9097, 남성
장도아, 31, a9cjgxdd@taehwakim.co.kr, 010-7474-2226, 남성
조윤호, 26, ndk4cr05@taehwakim.co.kr, 010-9071-4166, 여성
이민윤, 35, gpkoe18t@taehwakim.co.kr, 010-5214-4536, 여성
박서진, 30, bg6w0nzs@taehwakim.co.kr, 010-5685-8998, 남성
윤윤연, 21, 22zhff1e@taehwakim.co.kr, 010-4257-1328, 남성
임윤은, 39, ot6ot7hf@taehwakim.co.kr, 010-6661-8850, 남성
정주진, 32, 9fznoyzn@taehwakim.co.kr, 010-5089-9152, 남성
조지연, 38, sd1rlky8@taehwakim.co.kr, 010-4536-8471, 남성
정하호, 22, qemimd0b@taehwakim.co.kr, 010-4164-7912, 남성
장서은, 30, w5ty7vc4@taehwakim.co.kr, 010-4182-6230, 남성
조서호, 31, 0rl664fz@taehwakim.co.kr, 010-9472-6988, 남성
정서호, 38, 8neen71z@taehwakim.co.kr, 010-2220-4305, 여성
임서은, 34, l9g1pw5e@taehwakim.co.kr, 010-9208-7429, 남성
임지준, 39, zklsv89g@taehwakim.co.kr, 010-7152-7053, 여성
임지준, 22, nezqp0y1@taehwakim.co.kr, 010-1438-5175, 남성
정지후, 23, 358fjge4@taehwakim.co.kr, 010-9344-6814, 여성
윤채은, 21, cdmdq9ny@taehwakim.co.kr, 010-4604-1708, 남성
정현연, 30, 29z1o1sa@taehwakim.co.kr, 010-5607-3287, 남성
강주원, 23, 9zbc2su7@taehwakim.co.kr, 010-7176-9030, 여성
최현아, 37, fsysi0zd@taehwakim.co.kr, 010-4060-9802, 여성
정주후, 28, kordssiq@taehwakim.co.kr, 010-1715-3768, 여성
윤서우, 34, jbfsdg2u@taehwakim.co.kr, 010-1672-5726, 남성
이지준, 25, au74jbzd@taehwakim.co.kr, 010-2252-2399, 남성
박주은, 36, ztpi2rjx@taehwakim.co.kr, 010-2084-1850, 남성
이현우, 21, ot2fnk4p@taehwakim.co.kr, 010-6692-5160, 남성
장지서, 37, s3u95of8@taehwakim.co.kr, 010-9252-6914, 여성
윤윤준, 23, 1tl382wz@taehwakim.co.kr, 010-5366-5426, 여성
조하우, 23, 6fvak73y@taehwakim.co.kr, 010-5796-7195, 남성
김윤서, 20, zu3088uy@taehwakim.co.kr, 010-7714-3934, 남성
장도서, 27, nhmeaxbf@taehwakim.co.kr, 010-4689-1583, 남성
윤도진, 27, nxb2v3af@taehwakim.co.kr, 010-8861-7705, 남성
이주진, 33, 0urbyr13@taehwakim.co.kr, 010-4094-7891, 여성
윤민서, 37, zzcarixr@taehwakim.co.kr, 010-4444-4071, 남성
윤지후, 36, ldaqg5l9@taehwakim.co.kr, 010-4966-6555, 여성
박도후, 20, 7smfht7s@taehwakim.co.kr, 010-8566-6932, 남성
장윤원, 39, 26cqpdfv@taehwakim.co.kr, 010-8853-4325, 여성
조서우, 23, ben9f7wg@taehwakim.co.kr, 010-3758-7001, 남성
박지우, 37, e4khik6w@taehwakim.co.kr, 010-4931-5808, 여성
정서우, 20, 3x0a3lna@taehwakim.co.kr, 010-5196-5722, 여성
강하은, 34, 69mgggnm@taehwakim.co.kr, 010-8009-3480, 남성
박예후, 31, 1ed3t1pj@taehwakim.co.kr, 010-1970-5591, 여성
박채윤, 26, qfgrlfos@taehwakim.co.kr, 010-5975-1182, 남성
정윤호, 38, i2ce5mcg@taehwakim.co.kr, 010-8403-3709, 여성
장예호, 32, ackk5xf0@taehwakim.co.kr, 010-9580-5417, 여성
임지우, 31, 8vlfv4k2@taehwakim.co.kr, 010-9907-4505, 여성
박현연, 22, ir54k251@taehwakim.co.kr, 010-4271-8433, 남성
김하윤, 32, ltg2rs0y@taehwakim.co.kr, 010-1493-9126, 여성
강지윤, 24, mnd89sdo@taehwakim.co.kr, 010-9602-1314, 남성
강서연, 30, z2xy8xvu@taehwakim.co.kr, 010-6842-4171, 남성
정서서, 32, rz8vlvgp@taehwakim.co.kr, 010-9879-5608, 여성
장예원, 33, xqj78b5b@taehwakim.co.kr, 010-8913-3349, 여성
김예후, 22, 9wxo92q9@taehwakim.co.kr, 010-5599-3708, 남성
윤채후, 36, ah9gb420@taehwakim.co.kr, 010-3005-6270, 여성
윤하연, 29, sypvwcvd@taehwakim.co.kr, 010-4850-9982, 남성
김예연, 24, yekoheyw@taehwakim.co.kr, 010-4329-5464, 여성
강주호, 22, kb8btw9q@taehwakim.co.kr, 010-3463-3872, 남성
임현은, 26, 7c6ngpsn@taehwakim.co.kr, 010-8639-8114, 여성
김현은, 30, 8lw6a31a@taehwakim.co.kr, 010-5387-7917, 여성
박지윤, 28, 0s2oi9ma@taehwakim.co.kr, 010-1486-1661, 남성
김현호, 34, pxensrgz@taehwakim.co.kr, 010-3078-9696, 여성
임하후, 25, t6y0njmo@taehwakim.co.kr, 010-9523-2288, 남성
강서은, 22, rlp92jx9@taehwakim.co.kr, 010-4416-7228, 남성
정민우, 28, cjmbe85m@taehwakim.co.kr, 010-9475-6840, 여성
조도윤, 38, 3h4wlp3v@taehwakim.co.kr, 010-3309-6792, 여성
이민은, 35, 1o37cs1k@taehwakim.co.kr, 010-1799-3434, 남성
윤주연, 23, tnt17ha6@taehwakim.co.kr, 010-3027-9957, 남성
김하아, 34, wx7x4mkb@taehwakim.co.kr, 010-7137-6639, 남성
장지아, 31, r0892vne@taehwakim.co.kr, 010-9259-3778, 남성
최예우, 32, j735wn7w@taehwakim.co.kr, 010-6093-2249, 남성
이민우, 21, 6dzekctt@taehwakim.co.kr, 010-4618-2303, 여성
김서아, 32, zbwl39qi@taehwakim.co.kr, 010-6952-5171, 여성
김민연, 37, gn905sys@taehwakim.co.kr, 010-4719-9686, 여성
김민진, 35, dvgvm92g@taehwakim.co.kr, 010-1653-5341, 여성
장지호, 21, mtulg5m8@taehwakim.co.kr, 010-8030-9826, 남성
정지후, 36, ek6q8uzz@taehwakim.co.kr, 010-4173-5591, 남성
강예후, 32, par3oj06@taehwakim.co.kr, 010-1585-1946, 남성
이민연, 22, e5g1gd37@taehwakim.co.kr, 010-3594-5029, 남성
이도호, 38, cejojth3@taehwakim.co.kr, 010-2313-5499, 여성
장서연, 34, fwubmgde@taehwakim.co.kr, 010-3096-4017, 여성
윤현호, 35, 3qgzlr3s@taehwakim.co.kr, 010-3692-3998, 여성
조지후, 21, x72ilq8v@taehwakim.co.kr, 010-6900-2977, 남성
최윤원, 36, sck6uspp@taehwakim.co.kr, 010-6661-5597, 여성
장지서, 27, pg6qn4wb@taehwakim.co.kr, 010-7493-9414, 여성
정지연, 27, 8mylczx1@taehwakim.co.kr, 010-8302-1953, 여성
김지아, 31, 4ek0ljv0@taehwakim.co.kr, 010-4745-1678, 여성
임하진, 39, bpbxcv9l@taehwakim.co.kr, 010-4489-5820, 남성
정주호, 30, ypu3sqra@taehwakim.co.kr, 010-4390-2590, 남성
김주아, 34, epkrhl4t@taehwakim.co.kr, 010-7369-4295, 남성
임윤준, 37, qsi0cy7t@taehwakim.co.kr, 010-9518-4268, 남성
임예호, 28, 2sofrslv@taehwakim.co.kr, 010-3001-5902, 남성
김민윤, 26, i4tc559k@taehwakim.co.kr, 010-2695-7954, 여성
장지아, 36, pislnaei@taehwakim.co.kr, 010-7013-2593, 남성
김현원, 21, pl6ulr9x@taehwakim.co.kr, 010-5175-8590, 남성
최지준, 23, h6tdxy4j@taehwakim.co.kr, 010-9262-8791, 여성
박예준, 35, nri30z85@taehwakim.co.kr, 010-1482-5643, 여성
윤채윤, 20, xgl2tpaz@taehwakim.co.kr, 010-1133-8192, 여성
최서후, 27, rmf1ncpb@taehwakim.co.kr, 010-4643-5844, 여성
윤하호, 23, ng3xuw0d@taehwakim.co.kr, 010-8509-2968, 남성
최현우, 37, nxrs65pw@taehwakim.co.kr, 010-6309-8104, 남성
정도후, 30, l00j4nez@taehwakim.co.kr, 010-5446-6349, 여성
강현준, 32, mj01on43@taehwakim.co.kr, 010-7030-8772, 여성
김채우, 31, amvia873@taehwakim.co.kr, 010-9492-4077, 여성
정하은, 30, 4zibsb31@taehwakim.co.kr, 010-6408-6722, 남성
장민준, 35, eovb2zb1@taehwakim.co.kr, 010-8136-3340, 여성
임도진, 24, 0g2jcp2b@taehwakim.co.kr, 010-6790-7393, 여성
김지은, 24, 8k63wx65@taehwakim.co.kr, 010-1841-1456, 여성
최하연, 27, 9g8zyio0@taehwakim.co.kr, 010-9849-7346, 여성
강민연, 36, kdks67jc@taehwakim.co.kr, 010-9708-4172, 여성
조민후, 29, 32ziaegw@taehwakim.co.kr, 010-7104-7573, 여성
강민진, 25, u35fs4mo@taehwakim.co.kr, 010-8626-9161, 여성
임하우, 36, zg8aouut@taehwakim.co.kr, 010-4494-9636, 남성
장지은, 20, ay8gjfkb@taehwakim.co.kr, 010-3482-3324, 남성
강현은, 37, 2s81to9w@taehwakim.co.kr, 010-5314-4522, 여성
윤예아, 23, 7dxkwuyu@taehwakim.co.kr, 010-2811-1598, 여성
박채원, 27, ur0hpgbu@taehwakim.co.kr, 010-7845-7950, 남성
김민호, 34, eqhcng6k@taehwakim.co.kr, 010-1520-9008, 여성
최지은, 33, jeo32bj6@taehwakim.co.kr, 010-7226-9117, 남성
임도아, 24, 5jpm2y4v@taehwakim.co.kr, 010-5358-1531, 남성